-- phpMyAdmin SQL Dump
-- version 5.0.2
-- https://www.phpmyadmin.net/
--
-- Host: 127.0.0.1
-- Generation Time: Dec 04, 2020 at 04:22 PM
-- Server version: 10.4.14-MariaDB
-- PHP Version: 7.4.10

SET SQL_MODE = "NO_AUTO_VALUE_ON_ZERO";
START TRANSACTION;
SET time_zone = "+00:00";


/*!40101 SET @OLD_CHARACTER_SET_CLIENT=@@CHARACTER_SET_CLIENT */;
/*!40101 SET @OLD_CHARACTER_SET_RESULTS=@@CHARACTER_SET_RESULTS */;
/*!40101 SET @OLD_COLLATION_CONNECTION=@@COLLATION_CONNECTION */;
/*!40101 SET NAMES utf8mb4 */;

--
-- Database: `quizzdb`
--

-- --------------------------------------------------------

--
-- Table structure for table `Admin`
--

DROP TABLE IF EXISTS `Admin`;
CREATE TABLE `Admin` (
  `id` int(11) NOT NULL,
  `firstName` varchar(255) CHARACTER SET utf8mb4 COLLATE utf8mb4_unicode_ci NOT NULL,
  `lastName` varchar(255) CHARACTER SET utf8mb4 COLLATE utf8mb4_unicode_ci NOT NULL,
  `email` varchar(255) CHARACTER SET utf8mb4 COLLATE utf8mb4_unicode_ci NOT NULL,
  `registerAt` date NOT NULL,
  `password` varchar(255) CHARACTER SET utf8mb4 COLLATE utf8mb4_unicode_ci NOT NULL
) ENGINE=InnoDB DEFAULT CHARSET=utf8;

--
-- Dumping data for table `Admin`
--

INSERT INTO `Admin` (`id`, `firstName`, `lastName`, `email`, `registerAt`, `password`) VALUES
(1, 'root', 'root', 'root@gmail.com', '2020-10-29', '$argon2i$v=19$m=65536,t=4,p=1$OTJ6eTlaTVcwbjYxWmI2OA$8bVJ3Lf9Z+kLrXUdyju46m9r6WlGYCy6Xyn7TdtRjvk'),
(2, 'Isabel', 'O\'Keefe', 'evandervort@streich.biz', '2002-04-07', '$argon2i$v=19$m=65536,t=4,p=1$OTJ6eTlaTVcwbjYxWmI2OA$8bVJ3Lf9Z+kLrXUdyju46m9r6WlGYCy6Xyn7TdtRjvk'),
(3, 'Berneice', 'Kovacek', 'neha.bradtke@koss.org', '1972-01-25', '$argon2i$v=19$m=65536,t=4,p=1$OTJ6eTlaTVcwbjYxWmI2OA$8bVJ3Lf9Z+kLrXUdyju46m9r6WlGYCy6Xyn7TdtRjvk'),
(4, 'Skye', 'Purdy', 'darren.torphy@muller.org', '2000-05-11', '$argon2i$v=19$m=65536,t=4,p=1$OTJ6eTlaTVcwbjYxWmI2OA$8bVJ3Lf9Z+kLrXUdyju46m9r6WlGYCy6Xyn7TdtRjvk'),
(5, 'Serenity', 'Thiel', 'delores44@yahoo.com', '2011-08-17', '$argon2i$v=19$m=65536,t=4,p=1$OTJ6eTlaTVcwbjYxWmI2OA$8bVJ3Lf9Z+kLrXUdyju46m9r6WlGYCy6Xyn7TdtRjvk'),
(6, 'blabla', 'azerty', 'bazr@gmail.com', '2020-12-12', '$argon2i$v=19$m=65536,t=4,p=1$OTJ6eTlaTVcwbjYxWmI2OA$8bVJ3Lf9Z+kLrXUdyju46m9r6WlGYCy6Xyn7TdtRjvk'),
(7, 'Mittie', 'Weissnat', 'liza06@gmail.com', '1991-11-27', '$argon2i$v=19$m=65536,t=4,p=1$OTJ6eTlaTVcwbjYxWmI2OA$8bVJ3Lf9Z+kLrXUdyju46m9r6WlGYCy6Xyn7TdtRjvk'),
(8, 'Barry', 'Wyman', 'fhills@gmail.com', '2009-03-15', '$argon2i$v=19$m=65536,t=4,p=1$OTJ6eTlaTVcwbjYxWmI2OA$8bVJ3Lf9Z+kLrXUdyju46m9r6WlGYCy6Xyn7TdtRjvk'),
(9, 'Patience', 'Koss', 'ezekiel.kuvalis@fadel.info', '1999-12-25', '$argon2i$v=19$m=65536,t=4,p=1$OTJ6eTlaTVcwbjYxWmI2OA$8bVJ3Lf9Z+kLrXUdyju46m9r6WlGYCy6Xyn7TdtRjvk'),
(10, 'Gabe', 'Leffler', 'memard@runolfsdottir.com', '2014-04-05', '$argon2i$v=19$m=65536,t=4,p=1$OTJ6eTlaTVcwbjYxWmI2OA$8bVJ3Lf9Z+kLrXUdyju46m9r6WlGYCy6Xyn7TdtRjvk'),
(11, 'Lacy', 'Kunze', 'rdamore@yahoo.com', '2010-05-27', '$argon2i$v=19$m=65536,t=4,p=1$OTJ6eTlaTVcwbjYxWmI2OA$8bVJ3Lf9Z+kLrXUdyju46m9r6WlGYCy6Xyn7TdtRjvk'),
(12, 'Alvah', 'Ryan', 'adams.granville@johnston.com', '2007-05-05', '$argon2i$v=19$m=65536,t=4,p=1$OTJ6eTlaTVcwbjYxWmI2OA$8bVJ3Lf9Z+kLrXUdyju46m9r6WlGYCy6Xyn7TdtRjvk'),
(13, 'Claude', 'Powlowski', 'louie.nitzsche@yahoo.com', '2009-11-03', '$argon2i$v=19$m=65536,t=4,p=1$OTJ6eTlaTVcwbjYxWmI2OA$8bVJ3Lf9Z+kLrXUdyju46m9r6WlGYCy6Xyn7TdtRjvk'),
(14, 'Antoinette', 'Ledner', 'augustine.kozey@morar.com', '1980-09-03', '$argon2i$v=19$m=65536,t=4,p=1$OTJ6eTlaTVcwbjYxWmI2OA$8bVJ3Lf9Z+kLrXUdyju46m9r6WlGYCy6Xyn7TdtRjvk'),
(15, 'Jalon', 'Terry', 'bartell.elza@hotmail.com', '1974-03-16', '$argon2i$v=19$m=65536,t=4,p=1$OTJ6eTlaTVcwbjYxWmI2OA$8bVJ3Lf9Z+kLrXUdyju46m9r6WlGYCy6Xyn7TdtRjvk'),
(16, 'Hassan', 'Mills', 'nleuschke@daugherty.com', '1989-01-21', '$argon2i$v=19$m=65536,t=4,p=1$OTJ6eTlaTVcwbjYxWmI2OA$8bVJ3Lf9Z+kLrXUdyju46m9r6WlGYCy6Xyn7TdtRjvk'),
(17, 'Cicero', 'Nikolaus', 'morar.kaci@welch.org', '2007-08-12', '$argon2i$v=19$m=65536,t=4,p=1$OTJ6eTlaTVcwbjYxWmI2OA$8bVJ3Lf9Z+kLrXUdyju46m9r6WlGYCy6Xyn7TdtRjvk'),
(18, 'Kasandra', 'Gerlach', 'pschmitt@legros.com', '1976-08-24', '$argon2i$v=19$m=65536,t=4,p=1$OTJ6eTlaTVcwbjYxWmI2OA$8bVJ3Lf9Z+kLrXUdyju46m9r6WlGYCy6Xyn7TdtRjvk'),
(19, 'Ewald', 'Oberbrunner', 'demetris16@kunze.org', '1987-07-25', '$argon2i$v=19$m=65536,t=4,p=1$OTJ6eTlaTVcwbjYxWmI2OA$8bVJ3Lf9Z+kLrXUdyju46m9r6WlGYCy6Xyn7TdtRjvk'),
(20, 'Madalyn', 'Brekke', 'hansen.lexie@gmail.com', '2012-11-04', '$argon2i$v=19$m=65536,t=4,p=1$OTJ6eTlaTVcwbjYxWmI2OA$8bVJ3Lf9Z+kLrXUdyju46m9r6WlGYCy6Xyn7TdtRjvk'),
(21, 'Connor', 'O\'Hara', 'bruen.jarred@bergnaum.com', '1978-06-27', '$argon2i$v=19$m=65536,t=4,p=1$OTJ6eTlaTVcwbjYxWmI2OA$8bVJ3Lf9Z+kLrXUdyju46m9r6WlGYCy6Xyn7TdtRjvk'),
(22, 'Jewel', 'Ebert', 'whills@gmail.com', '2007-07-13', '$argon2i$v=19$m=65536,t=4,p=1$OTJ6eTlaTVcwbjYxWmI2OA$8bVJ3Lf9Z+kLrXUdyju46m9r6WlGYCy6Xyn7TdtRjvk'),
(23, 'Yazmin', 'Powlowski', 'prosacco.lera@ohara.net', '2014-07-31', '$argon2i$v=19$m=65536,t=4,p=1$OTJ6eTlaTVcwbjYxWmI2OA$8bVJ3Lf9Z+kLrXUdyju46m9r6WlGYCy6Xyn7TdtRjvk'),
(24, 'Howard', 'Larson', 'laverna.willms@yahoo.com', '2007-10-26', '$argon2i$v=19$m=65536,t=4,p=1$OTJ6eTlaTVcwbjYxWmI2OA$8bVJ3Lf9Z+kLrXUdyju46m9r6WlGYCy6Xyn7TdtRjvk'),
(25, 'Samanta', 'Ryan', 'kiehn.jana@yahoo.com', '2009-02-20', '$argon2i$v=19$m=65536,t=4,p=1$OTJ6eTlaTVcwbjYxWmI2OA$8bVJ3Lf9Z+kLrXUdyju46m9r6WlGYCy6Xyn7TdtRjvk'),
(26, 'Mary', 'Sawayn', 'icruickshank@rath.net', '1974-01-15', '$argon2i$v=19$m=65536,t=4,p=1$OTJ6eTlaTVcwbjYxWmI2OA$8bVJ3Lf9Z+kLrXUdyju46m9r6WlGYCy6Xyn7TdtRjvk'),
(27, 'Graciela', 'Collins', 'alberta.blanda@yundt.com', '2011-04-08', '$argon2i$v=19$m=65536,t=4,p=1$OTJ6eTlaTVcwbjYxWmI2OA$8bVJ3Lf9Z+kLrXUdyju46m9r6WlGYCy6Xyn7TdtRjvk'),
(28, 'Sylvester', 'Littel', 'salma.wuckert@gmail.com', '2013-05-11', '$argon2i$v=19$m=65536,t=4,p=1$OTJ6eTlaTVcwbjYxWmI2OA$8bVJ3Lf9Z+kLrXUdyju46m9r6WlGYCy6Xyn7TdtRjvk'),
(29, 'Nils', 'Johnson', 'zmurazik@hotmail.com', '1976-03-24', '$argon2i$v=19$m=65536,t=4,p=1$OTJ6eTlaTVcwbjYxWmI2OA$8bVJ3Lf9Z+kLrXUdyju46m9r6WlGYCy6Xyn7TdtRjvk'),
(30, 'Jamil', 'Prohaska', 'hagenes.carmine@yahoo.com', '1983-01-18', '$argon2i$v=19$m=65536,t=4,p=1$OTJ6eTlaTVcwbjYxWmI2OA$8bVJ3Lf9Z+kLrXUdyju46m9r6WlGYCy6Xyn7TdtRjvk'),
(31, 'Sigmund', 'Mueller', 'brennan14@yahoo.com', '1994-09-17', '$argon2i$v=19$m=65536,t=4,p=1$OTJ6eTlaTVcwbjYxWmI2OA$8bVJ3Lf9Z+kLrXUdyju46m9r6WlGYCy6Xyn7TdtRjvk'),
(32, 'Alexandria', 'Muller', 'maci76@blanda.biz', '1980-03-28', '$argon2i$v=19$m=65536,t=4,p=1$OTJ6eTlaTVcwbjYxWmI2OA$8bVJ3Lf9Z+kLrXUdyju46m9r6WlGYCy6Xyn7TdtRjvk'),
(33, 'Isac', 'Predovic', 'rbatz@yahoo.com', '1985-11-28', '$argon2i$v=19$m=65536,t=4,p=1$OTJ6eTlaTVcwbjYxWmI2OA$8bVJ3Lf9Z+kLrXUdyju46m9r6WlGYCy6Xyn7TdtRjvk'),
(34, 'Fidel', 'Kuvalis', 'twila71@turner.com', '1979-05-31', '$argon2i$v=19$m=65536,t=4,p=1$OTJ6eTlaTVcwbjYxWmI2OA$8bVJ3Lf9Z+kLrXUdyju46m9r6WlGYCy6Xyn7TdtRjvk'),
(35, 'Jammie', 'Windler', 'armando.boyer@welch.info', '1996-04-08', '$argon2i$v=19$m=65536,t=4,p=1$OTJ6eTlaTVcwbjYxWmI2OA$8bVJ3Lf9Z+kLrXUdyju46m9r6WlGYCy6Xyn7TdtRjvk'),
(36, 'Carter', 'Kutch', 'ajacobi@langosh.com', '1996-07-06', '$argon2i$v=19$m=65536,t=4,p=1$OTJ6eTlaTVcwbjYxWmI2OA$8bVJ3Lf9Z+kLrXUdyju46m9r6WlGYCy6Xyn7TdtRjvk'),
(37, 'Jonatan', 'Heller', 'nader.luther@yahoo.com', '1973-03-20', '$argon2i$v=19$m=65536,t=4,p=1$OTJ6eTlaTVcwbjYxWmI2OA$8bVJ3Lf9Z+kLrXUdyju46m9r6WlGYCy6Xyn7TdtRjvk'),
(38, 'Elsa', 'Roob', 'orunolfsson@gmail.com', '1984-05-26', '$argon2i$v=19$m=65536,t=4,p=1$OTJ6eTlaTVcwbjYxWmI2OA$8bVJ3Lf9Z+kLrXUdyju46m9r6WlGYCy6Xyn7TdtRjvk'),
(39, 'Sabina', 'Weissnat', 'marlon13@king.com', '2013-09-24', '$argon2i$v=19$m=65536,t=4,p=1$OTJ6eTlaTVcwbjYxWmI2OA$8bVJ3Lf9Z+kLrXUdyju46m9r6WlGYCy6Xyn7TdtRjvk'),
(40, 'Tate', 'Medhurst', 'damon.feest@kozey.com', '1993-02-06', '$argon2i$v=19$m=65536,t=4,p=1$OTJ6eTlaTVcwbjYxWmI2OA$8bVJ3Lf9Z+kLrXUdyju46m9r6WlGYCy6Xyn7TdtRjvk'),
(41, 'Autumn', 'Lesch', 'fmohr@sanford.org', '1988-06-12', '$argon2i$v=19$m=65536,t=4,p=1$OTJ6eTlaTVcwbjYxWmI2OA$8bVJ3Lf9Z+kLrXUdyju46m9r6WlGYCy6Xyn7TdtRjvk');

-- --------------------------------------------------------

--
-- Table structure for table `PossibleAnswer`
--

DROP TABLE IF EXISTS `PossibleAnswer`;
CREATE TABLE `PossibleAnswer` (
  `id` int(11) NOT NULL,
  `question` int(11) NOT NULL,
  `label` varchar(255) COLLATE utf8mb4_unicode_ci NOT NULL,
  `isRight` tinyint(1) NOT NULL
) ENGINE=InnoDB DEFAULT CHARSET=utf8mb4 COLLATE=utf8mb4_unicode_ci;

--
-- Dumping data for table `PossibleAnswer`
--

INSERT INTO `PossibleAnswer` (`id`, `question`, `label`, `isRight`) VALUES
(1, 1, 'Dessinateur', 1),
(2, 1, 'Peintre', 0),
(3, 1, 'Dessineur', 0),
(4, 1, 'Sculteur', 0),
(5, 2, 'Auditrice', 1),
(6, 2, 'Auditeuse', 0),
(7, 2, 'Auditeur', 0),
(8, 2, 'Auditateur', 0),
(9, 3, 'Lire', 1),
(10, 3, 'Lirer', 0),
(11, 3, 'Liser', 0),
(12, 3, 'Lise', 0),
(13, 4, 'Un roman ', 0),
(14, 4, 'Un magazine ', 0),
(15, 4, 'Une BD ', 1),
(16, 4, 'Un Fantastique', 0),
(17, 5, 'Tu essais ', 0),
(18, 5, 'Tu essaies ', 1),
(19, 5, 'Tu essailles ', 0),
(20, 5, 'Tu essaya', 0),
(21, 6, 'Lectrice', 1),
(22, 6, 'Lecteure', 0),
(23, 6, ' Lecteuse', 0),
(24, 6, 'Lecteuse', 0),
(25, 7, '150', 1),
(26, 7, '1500', 0),
(27, 7, '15,0', 0),
(28, 7, '1510', 0),
(29, 8, '500', 0),
(30, 8, '400', 1),
(31, 8, '10000', 0),
(32, 8, '3,14', 0),
(33, 9, '5  ', 1),
(34, 9, '15 ', 0),
(35, 9, '0  ', 0),
(36, 9, '2  ', 0),
(37, 10, '160', 0),
(38, 10, '2  ', 0),
(39, 10, '32 ', 0),
(40, 10, '16 ', 1),
(41, 11, '2  ', 0),
(42, 11, '3,5', 0),
(43, 11, '2,5', 1),
(44, 11, '3  ', 0),
(45, 12, '1 020 €', 0),
(46, 12, '4 000 €', 0),
(47, 12, '3 500 €', 1),
(48, 12, '7 000 €', 0),
(49, 13, '1914-1918', 1),
(50, 13, '1939-1945', 0),
(51, 13, '1900-1914', 0),
(52, 13, '1918-1939', 0),
(53, 14, 'Apollon', 0),
(54, 14, 'Mars', 0),
(55, 14, 'Odin', 1),
(56, 14, 'Caishen', 0),
(57, 15, 'J\'accuse ... !', 0),
(58, 15, 'Madame Bovary', 0),
(59, 15, 'Les Misérables', 1),
(60, 15, 'Germinal', 0),
(61, 16, '2 septembre 1945', 0),
(62, 16, '11 novembre 1918', 0),
(63, 16, '11 septembre 2001', 0),
(64, 16, '14 juillet 1789', 1),
(65, 17, '1974-1981', 1),
(66, 17, '1995-2007', 0),
(67, 17, '1969-1974', 0),
(68, 17, '1981-1995', 0),
(69, 18, 'Europe', 0),
(70, 18, 'Asie', 0),
(71, 18, 'Amerique du Sud', 0),
(72, 18, 'Afrique', 1),
(73, 19, 'Graz', 0),
(74, 19, 'Kiev', 0),
(75, 19, 'Vienne', 1),
(76, 19, 'Oulan-Bator', 0),
(77, 20, 'Bruxelles', 1),
(78, 20, 'Strasbourg', 0),
(79, 20, 'Paris', 0),
(80, 20, 'Berlin', 0),
(81, 21, 'Paris', 1),
(82, 21, 'Lyon', 0),
(83, 21, 'Metz', 0),
(84, 21, 'Marseille', 0),
(85, 22, '101', 1),
(86, 22, '50 ', 0),
(87, 22, '156', 0),
(88, 22, '78 ', 0),
(89, 23, 'Etat-Unis', 0),
(90, 23, 'Russie', 1),
(91, 23, 'Canada', 0),
(92, 23, 'Australie', 0),
(93, 24, 'Dog', 1),
(94, 24, 'Cat', 0),
(95, 24, 'Pig', 0),
(96, 24, 'Cow', 0),
(97, 25, 'Mouse', 0),
(98, 25, 'House', 1),
(99, 25, 'Tree', 0),
(100, 25, 'Car', 0),
(101, 26, 'Stylo', 1),
(102, 26, 'Crayon', 0),
(103, 26, 'Gomme', 0),
(104, 26, 'Rapporteur', 0),
(105, 27, 'Tree', 1),
(106, 27, 'Three', 0),
(107, 27, 'Bush', 0),
(108, 27, 'Road', 0),
(109, 28, 'Je m\'appelle', 1),
(110, 28, 'Tu t\'appelles', 0),
(111, 28, 'Je vous appelle', 0),
(112, 28, 'Tu m\'as appellé', 0),
(113, 29, 'Jeudi', 0),
(114, 29, 'Lundi', 1),
(115, 29, 'Mardi', 0),
(116, 29, 'Dimanche', 0),
(117, 30, 'Dienstag', 0),
(118, 30, 'Sonntag', 0),
(119, 30, 'Montag', 1),
(120, 30, 'Freitag', 0),
(121, 31, 'Katze', 0),
(122, 31, 'Hund', 1),
(123, 31, 'Kuh', 0),
(124, 31, 'Schwein', 0),
(125, 32, 'Stift', 0),
(126, 32, 'Wagen', 0),
(127, 32, 'Maison', 1),
(128, 32, 'Schuh', 0),
(129, 33, 'Arbre', 1),
(130, 33, 'Flasche', 0),
(131, 33, 'Wagen', 0),
(132, 33, 'Helm', 0),
(133, 34, 'Wagen', 1),
(134, 34, 'Stift', 0),
(135, 34, 'Helm', 0),
(136, 34, 'Wogen', 0),
(137, 35, 'Sac', 0),
(138, 35, 'Gomme', 0),
(139, 35, 'Trousse', 0),
(140, 35, 'Stylo', 1),
(141, 36, 'Stylo', 0),
(142, 36, 'Trousse', 1),
(143, 36, 'Voiture', 0),
(144, 36, 'Casque', 0),
(145, 37, 'Cerdo', 0),
(146, 37, 'Vaca', 1),
(147, 37, 'Gato', 0),
(148, 37, 'Perro', 0),
(149, 38, 'Arbre', 1),
(150, 38, 'Voiture', 0),
(151, 38, 'Stylo', 0),
(152, 38, 'Lunette', 0),
(153, 39, 'Voiture', 0),
(154, 39, 'Tester', 0),
(155, 39, 'Bouteille', 0),
(156, 39, 'Telephone', 1),
(157, 40, 'PNL', 1),
(158, 40, 'Pink Floyd', 0),
(159, 40, 'Section d\'assaut', 0),
(160, 40, 'Indochine', 0),
(161, 41, 'La Fouine', 0),
(162, 41, 'Karis', 0),
(163, 41, 'Booba', 1),
(164, 41, 'Damso', 0),
(165, 42, 'Sniper', 0),
(166, 42, 'PNL', 0),
(167, 42, 'IAM', 0),
(168, 42, 'Sexion d\'assaut', 1),
(169, 43, 'Nekfeu', 0),
(170, 43, 'Ninho', 1),
(171, 43, 'Damso', 0),
(172, 43, 'Jul', 0),
(173, 44, '5  ', 1),
(174, 44, '6  ', 0),
(175, 44, '7  ', 0),
(176, 44, '8  ', 0),
(177, 45, '2  ', 0),
(178, 45, '3  ', 1),
(179, 45, '4  ', 0),
(180, 45, '1  ', 0),
(181, 46, '6  ', 0),
(182, 46, '7  ', 0),
(183, 46, '8  ', 1),
(184, 46, '9  ', 0),
(185, 47, '300 points', 1),
(186, 47, '200 points', 0),
(187, 47, '100 points', 0),
(188, 47, '400 points', 0),
(189, 48, '10%', 0),
(190, 48, '20%', 0),
(191, 48, '50%', 1),
(192, 48, '30%', 0),
(193, 49, 'un droit patrimonial : c\'est un droit réel.', 1),
(194, 49, 'un droit patrimonial : c\'est un droit non réel.', 0),
(195, 49, 'un droit patrimonial : ce n\'es pas droit.', 0),
(196, 49, 'un droit patrimonial : c\'est autre chose', 0),
(197, 50, 'lorsque le niveau de revenu augmente.', 1),
(198, 50, 'lorsque le niveau de revenu baisse.', 0),
(199, 50, 'lorsque le niveau de revenu ne bouge pas.', 0),
(200, 50, 'autre chose', 0),
(201, 51, 'recherchées par les intéressés pour les proffesionel', 0),
(202, 51, 'recherchées par les intéressés pour les actes non juridiques, non recherchées par les intéressés pour les faits non juridiques', 0),
(203, 51, 'recherchées par les intéressés pour les actes juridiques, non recherchées par les intéressés pour les faits juridiques', 1),
(204, 51, 'Autre chose', 0),
(205, 52, '1  ', 0),
(206, 52, '2  ', 1),
(207, 52, '3  ', 0),
(208, 52, '4  ', 0),
(209, 53, 'Ne pas être unie et une grande force', 0),
(210, 53, 'Unie mais pas trop', 0),
(211, 53, 'Unie dans la diversité', 1),
(212, 53, 'Autre chose', 0),
(213, 54, 'Allemagne', 0),
(214, 54, 'Belgique', 0),
(215, 54, 'Espagne', 0),
(216, 54, 'France', 1),
(217, 55, '1999', 0),
(218, 55, '2000', 1),
(219, 55, '2001', 0),
(220, 55, '2002', 0),
(221, 56, 'Paris', 0),
(222, 56, 'Berlin', 0),
(223, 56, 'Pékin', 1),
(224, 56, 'Londre', 0),
(225, 57, 'Paris', 0),
(226, 57, 'Berlin', 0),
(227, 57, 'Tokyo', 1),
(228, 57, 'Londre', 0),
(229, 58, 'Paris', 0),
(230, 58, 'Berlin', 0),
(231, 58, 'New Delhi', 1),
(232, 58, 'Londre', 0),
(233, 59, 'Bakou', 1),
(234, 59, 'New Delhi', 0),
(235, 59, 'Paris', 0),
(236, 59, 'Berlin', 0),
(237, 60, 'Un pH-messure', 0),
(238, 60, 'Un pH-mètre', 1),
(239, 60, 'Un pH-long', 0),
(240, 60, 'Autre chose', 0),
(241, 61, 'Une bousole', 0),
(242, 61, 'Un spectrophotomètre', 1),
(243, 61, 'Un chargeur', 0),
(244, 61, 'Autre chose', 0),
(245, 62, 'Un stylo', 0),
(246, 62, 'Pipette Pasteur', 1),
(247, 62, 'Fiole', 0),
(248, 62, 'Autre chose', 0),
(249, 63, 'Pipette Pasteur', 0),
(250, 63, 'Une filtration sous vide (Büchner)', 1),
(251, 63, 'Fiole', 0),
(252, 63, 'Autre chose', 0),
(253, 64, 'Entre 10 et 20% ', 0),
(254, 64, 'Entre 20 et 40% ', 0),
(255, 64, 'Entre 40 et 60% ', 1),
(256, 64, 'Entre 60 et 100% ', 0),
(257, 65, 'de plus de 1% de baisse', 0),
(258, 65, 'de plus de 2% de baisse', 0),
(259, 65, 'de plus de 5% de baisse', 0),
(260, 65, 'de plus de 15% de baisse', 1),
(261, 66, '76 hectares ', 0),
(262, 66, '90 hectares ', 0),
(263, 66, '56 hectares ', 1),
(264, 66, '5 hectares ', 0),
(265, 67, 'Politique Agricole Commune ', 1),
(266, 67, 'Politique Agricole Commerciale ', 0),
(267, 67, 'Politique Agriote Commune ', 0),
(268, 67, 'Autre chose', 0),
(269, 68, 'Blattoptères', 0),
(270, 68, 'Hyménoptères', 0),
(271, 68, 'Zoraptera', 1),
(272, 68, 'Autre chose', 0),
(273, 69, 'Un animal sur dix', 0),
(274, 69, 'Un animal sur quatre', 1),
(275, 69, 'Un animal sur huit', 0),
(276, 69, 'Autre chose', 0),
(277, 70, 'Carnivore', 0),
(278, 70, 'Herbivore', 0),
(279, 70, 'Squamate', 1),
(280, 70, 'Autre chose', 0),
(281, 71, 'Pierre', 0),
(282, 71, 'Morel', 0),
(283, 71, 'Robert', 0),
(284, 71, 'Thomisidae', 1),
(285, 72, 'Zeus', 0),
(286, 72, 'Chronos', 1),
(287, 72, 'Apollon', 0),
(288, 72, 'Aphrodite', 0),
(289, 73, 'En Italie', 0),
(290, 73, 'Dans le Péloponèse', 1),
(291, 73, 'En France', 0),
(292, 73, 'En Chine', 0),
(293, 74, 'La mort d\'Égée', 0),
(294, 74, 'La guerre de Troie', 0),
(295, 74, 'Le retour d\'Ulysse à Ithaque', 1),
(296, 74, 'Le siège des Troyens', 0),
(297, 75, 'Zeus', 0),
(298, 75, 'Héraclès', 1),
(299, 75, 'Hermès', 0),
(300, 75, 'Apollon', 0),
(301, 76, '3  ', 0),
(302, 76, '5  ', 1),
(303, 76, '6  ', 0),
(304, 76, '7  ', 0),
(305, 77, 'Dominum', 0),
(306, 77, 'Domino', 1),
(307, 77, 'Domine', 0),
(308, 77, 'Autre chose', 0),
(309, 78, 'Cornus', 0),
(310, 78, 'Cornue', 0),
(311, 78, 'Cornua', 1),
(312, 78, 'Autre chose', 0),
(313, 79, 'Animal', 0),
(314, 79, 'Affranchi', 0),
(315, 79, 'Autre chose', 0),
(316, 79, 'Esprit', 1),
(317, 80, '9  ', 0),
(318, 80, '8  ', 1),
(319, 80, '10  ', 0),
(320, 80, '7  ', 0),
(321, 81, 'elles refroidissent brutalement', 0),
(322, 81, 'elles explosent', 1),
(323, 81, 'elles refroidissent lentement', 0),
(324, 81, 'Autre chose', 0),
(325, 82, 'un trou noir', 0),
(326, 82, 'un pulsar', 0),
(327, 82, 'Autre chose', 0),
(328, 82, 'une étoile supergéante', 1),
(329, 83, 'rouges', 1),
(330, 83, 'jaunes', 0),
(331, 83, 'bleues', 0),
(332, 83, 'noir', 0),
(333, 84, '20%', 0),
(334, 84, '80%', 1),
(335, 84, '40%', 0),
(336, 84, '10%', 0),
(337, 85, '2001', 0),
(338, 85, '2010', 0),
(339, 85, '2008', 0),
(340, 85, '2005', 1),
(341, 86, '10%', 0),
(342, 86, '70%', 0),
(343, 86, '50%', 1),
(344, 86, '20%', 0),
(345, 87, '3,8 millions de français', 0),
(346, 87, '2,8 millions de français', 1),
(347, 87, '7,2 millions de français', 0),
(348, 87, '5,4 millions de français', 0),
(349, 88, 'Moïse', 0),
(350, 88, 'Abraham', 1),
(351, 88, 'Noé', 0),
(352, 88, 'Autre chose', 0),
(353, 89, 'La Torah', 1),
(354, 89, 'La Toundra', 0),
(355, 89, 'Le Nouveau Testament', 0),
(356, 89, 'Autre chose', 0),
(357, 90, 'Mont Taurus', 0),
(358, 90, 'Mont Ventoux', 0),
(359, 90, 'Mont Sinaï', 1),
(360, 90, 'Autre chose', 0),
(361, 91, 'Amon', 0),
(362, 91, 'Baal', 1),
(363, 91, 'Osiris', 0),
(364, 91, 'Autre chose', 0),
(365, 92, 'Le maître d\'oeuvrage ', 0),
(366, 92, ' Le maître de séance ', 0),
(367, 92, 'Le maître d\'oeuvre ', 1),
(368, 92, 'Autre chose', 0),
(369, 93, 'Le phasage du chantier ', 1),
(370, 93, 'La marche du chantier ', 0),
(371, 93, 'La marche des machos ', 0),
(372, 93, 'Autre chose', 0),
(373, 94, 'l\'Etat ', 0),
(374, 94, 'La région ', 0),
(375, 94, 'La mairie', 1),
(376, 94, 'Autre chose', 0),
(377, 95, 'Le CCPS ', 0),
(378, 95, 'Le CSPS ', 1),
(379, 95, 'Le CCP ', 0),
(380, 95, 'Autre chose', 0),
(381, 96, '100', 1),
(382, 96, '1 000', 0),
(383, 96, '10 ', 0),
(384, 96, '1  ', 0),
(385, 97, '2  ', 1),
(386, 97, '1  ', 0),
(387, 97, '3  ', 0),
(388, 97, '4  ', 0),
(389, 98, '5  ', 0),
(390, 98, '55 ', 0),
(391, 98, '25 ', 1),
(392, 98, '10 ', 0),
(393, 99, '1  ', 1),
(394, 99, '2  ', 0),
(395, 99, '7  ', 0),
(396, 99, '77 ', 0),
(397, 100, '50 ', 0),
(398, 100, '49 ', 1),
(399, 100, '77 ', 0),
(400, 100, '66 ', 0),
(401, 101, '20 ', 1),
(402, 101, '6  ', 0),
(403, 101, '2244', 0),
(404, 101, '24 ', 0),
(405, 102, '0  ', 1),
(406, 102, '1112', 0),
(407, 102, '2  ', 0),
(408, 102, '4  ', 0),
(409, 103, '1210', 0),
(410, 103, '120', 1),
(411, 103, '22 ', 0),
(412, 103, '2  ', 0),
(413, 104, '99 ', 0),
(414, 104, '81 ', 1),
(415, 104, '18 ', 0),
(416, 104, '0  ', 0),
(417, 105, '30 ', 1),
(418, 105, '56 ', 0),
(419, 105, '11 ', 0),
(420, 105, '0  ', 0),
(421, 106, '-10', 1),
(422, 106, '+10', 0),
(423, 106, '+4 ', 0),
(424, 106, '-4 ', 0),
(425, 107, '-4 ', 0),
(426, 107, '4  ', 0),
(427, 107, '44 ', 0),
(428, 107, '16 ', 1),
(429, 108, '36 ', 0),
(430, 108, '63 ', 0),
(431, 108, '18 ', 1),
(432, 108, '0  ', 0),
(433, 109, '0  ', 0),
(434, 109, '1  ', 1),
(435, 109, '66 ', 0),
(436, 109, '36 ', 0),
(437, 110, '10 ', 1),
(438, 110, '5  ', 0),
(439, 110, '25 ', 0),
(440, 110, '10 ', 0),
(441, 111, '0  ', 0),
(442, 111, '123456789', 0),
(443, 111, '50 ', 0),
(444, 111, '45 ', 1),
(445, 112, '79 ', 0),
(446, 112, '63 ', 1),
(447, 112, '82 ', 0),
(448, 112, '64 ', 0),
(449, 113, '6  ', 1),
(450, 113, '123', 0),
(451, 113, '6  ', 0),
(452, 113, '0  ', 0),
(453, 114, '9  ', 1),
(454, 114, '0  ', 0),
(455, 114, '2  ', 0),
(456, 114, '3  ', 0),
(457, 115, '2  ', 1),
(458, 115, '5  ', 0),
(459, 115, '4  ', 0),
(460, 115, '55 ', 0),
(461, 116, '1  ', 1),
(462, 116, '0  ', 0),
(463, 116, '2  ', 0),
(464, 116, '46 ', 0),
(465, 117, '0  ', 0),
(466, 117, '77777', 0),
(467, 117, '7  ', 1),
(468, 117, '14 ', 0),
(469, 118, '36 ', 0),
(470, 118, '35 ', 1),
(471, 118, '0  ', 0),
(472, 118, '1  ', 0),
(473, 119, '22 ', 1),
(474, 119, '100', 0),
(475, 119, '122', 0),
(476, 119, '542', 0),
(477, 120, '18 ', 1),
(478, 120, '20 ', 0),
(479, 120, '12 ', 0),
(480, 120, '12456', 0),
(481, 121, '2  ', 1),
(482, 121, '111', 0),
(483, 121, '1  ', 0),
(484, 121, '0  ', 0),
(485, 122, '0   ', 0),
(486, 122, '10 ', 0),
(487, 122, '15 ', 1),
(488, 122, '456', 0),
(489, 123, '222', 0),
(490, 123, '8  ', 1),
(491, 123, '4  ', 0),
(492, 123, '0  ', 0),
(493, 124, '9  ', 1),
(494, 124, '0  ', 0),
(495, 124, '999', 0),
(496, 124, '27 ', 0),
(497, 125, '0  ', 0),
(498, 125, '10 ', 1),
(499, 125, '493', 0),
(500, 125, '1  ', 0),
(501, 126, '0  ', 1),
(502, 126, '5525', 0),
(503, 126, '1  ', 0),
(504, 126, '25 ', 0),
(505, 127, '8  ', 1),
(506, 127, '0  ', 0),
(507, 127, '668', 0),
(508, 127, '86 ', 0),
(509, 128, '28 ', 1),
(510, 128, '0  ', 0),
(511, 128, '1  ', 0),
(512, 128, '5  ', 0),
(513, 129, '10 ', 1),
(514, 129, '0  ', 0),
(515, 129, '5  ', 0),
(516, 129, '56  ', 0),
(517, 130, '3  ', 1),
(518, 130, '1  ', 0),
(519, 130, '5  ', 0),
(520, 130, '22 ', 0),
(521, 131, '5  ', 0),
(522, 131, '54 ', 1),
(523, 131, '455', 0),
(524, 131, '685', 0),
(529, 133, 'adjonctions', 0),
(530, 133, 'conjonctions de subordination', 0),
(531, 133, 'pronoms démonstratifs', 0),
(532, 133, 'pronoms relatifs', 1),
(533, 134, 'Le complément d’objet direct peut-être le sujet', 1),
(534, 134, 'Le complément d’objet n’existe pas dans toutes les phrases', 0),
(535, 134, ' Le complément d’objet direct peut-être après le verbe', 0),
(536, 134, 'Le complément d’objet direct peut-être avant le verbe', 0),
(537, 135, 'paronyme', 0),
(538, 135, 'homonyme', 1),
(539, 135, 'antonyme', 0),
(540, 135, 'synonyme', 0),
(541, 136, 'Le participe passé d’un verbe conjugué avec l’auxiliaire avoir est toujours invariable.', 0),
(542, 136, 'Le participe passé d’un verbe conjugué avec l’auxiliaire être s’accorde en genre et en nombre avec le sujet.', 1),
(543, 136, 'Le participe passé d’un verbe conjugué avec l’auxiliaire avoir s’accorde toujours en genre et en nombre avec le complément d’objet direct.', 0),
(544, 136, 'Le participe passé d’un verbe conjugué avec l’auxiliaire être s’accorde en genre et en nombre avec le complément d’objet direct.', 0),
(545, 137, 'paronyme', 1),
(546, 137, 'synonyme', 0),
(547, 137, 'antonyme', 0),
(548, 137, 'homonyme', 0),
(549, 138, 'Un point d’exclamation', 0),
(550, 138, 'Des points de suspension', 0),
(551, 138, 'Un point', 0),
(552, 138, 'Un point-virgule', 1),
(553, 139, 'Quoique je dise la vérité, il ne me croit pas.', 0),
(554, 139, ' L’outil dont j’ai besoin.', 0),
(555, 139, 'À ce qu’il paraît que.', 1),
(556, 139, 'Où allez-vous ?', 0),
(557, 140, 'atones', 1),
(558, 140, 'toniques', 0),
(559, 140, 'présubstantiviaux', 0),
(560, 140, 'postverbaux', 0),
(561, 141, 'Défectifs', 0),
(562, 141, 'Transitifs', 0),
(563, 141, 'D’état', 0),
(564, 141, 'Auxiliaires', 1),
(565, 142, 'Sujet du verbe voir', 1),
(566, 142, ' Attribut du sujet', 0),
(567, 142, 'Complément d’objet direct', 0),
(568, 142, ' Adjectif qualificatif', 0),
(569, 143, 'synonyme', 0),
(570, 143, 'paronyme', 0),
(571, 143, 'homonyme', 0),
(572, 143, 'antonyme', 1),
(573, 144, '4  ', 0),
(574, 144, '12 ', 0),
(575, 144, '5  ', 0),
(576, 144, '7  ', 1),
(577, 145, 'du nom', 1),
(578, 145, 'du verbe', 0),
(579, 145, 'de l\'adjectif', 0),
(580, 145, 'de l\'adverbe', 0),
(581, 146, 'Une préposition', 0),
(582, 146, ' Un pronom', 0),
(583, 146, 'Une conjonction', 1),
(584, 146, 'Un prénom', 0),
(585, 147, 'Adverbe', 0),
(586, 147, 'Déterminant', 0),
(587, 147, 'Préposition', 0),
(588, 147, 'Conjonction de coordination', 1),
(589, 148, 'homonyme', 0),
(590, 148, 'antonyme', 0),
(591, 148, 'paronyme', 0),
(592, 148, 'synonyme', 1);

-- --------------------------------------------------------

--
-- Table structure for table `Question`
--

DROP TABLE IF EXISTS `Question`;
CREATE TABLE `Question` (
  `id` int(11) NOT NULL,
  `label` varchar(255) COLLATE utf8mb4_unicode_ci NOT NULL,
  `theme` int(11) NOT NULL
) ENGINE=InnoDB DEFAULT CHARSET=utf8mb4 COLLATE=utf8mb4_unicode_ci;

--
-- Dumping data for table `Question`
--

INSERT INTO `Question` (`id`, `label`, `theme`) VALUES
(1, 'Comment s\'appelle une personne qui dessine ?', 1),
(2, 'Quel est le féminin de \"auditeur\" ?', 1),
(3, '\"lisent\" est la 3éme personne du pluriel du présent du verbe:', 1),
(4, 'Un livre illustré, c\'est :', 1),
(5, '\"essayer\" à  la 2éme personne du singulier au présent, c\'est : ', 1),
(6, 'Le féminin de \"lecteur\", c\'est : ', 1),
(7, '15 x 10 :', 2),
(8, '(5²x10+1000/2²)-100 :', 2),
(9, 'X+5=10 , que vaut X ?', 2),
(10, 'Que vaut la moitié de 32?', 2),
(11, 'A quel nombre décimal est égal à  3/6 + 6/3 ?', 2),
(12, 'Mon père m\'a donné une somme de 3 500 € Maintenant j\'ai 7 000 € Combien avais-je d\'argent avant? ', 2),
(13, 'Quel est la date de la grande guerre?', 3),
(14, 'Qui est le dieu nordiques ?', 3),
(15, 'Quel est le livre de Victor Hugo ?', 3),
(16, 'Quel est la date de la prise de la Bastille ?', 3),
(17, 'Mandat de Valéry Giscard d\'Estaing :', 3),
(18, 'Où se trouve l\'Angola ?', 4),
(19, 'Quel est la capitale de l\'Autriche ?', 4),
(20, 'Quel est la capital de l\'Europe ?', 4),
(21, 'Quel est la capital de la France ?', 4),
(22, 'Combien y a t-il de département Français ?', 4),
(23, 'Quel est le pays le plus grand du monde (taille) ?', 4),
(24, 'Comment dit-on chien, en anglais ?', 5),
(25, 'Comment dit-on maison, en anglais ?', 5),
(26, 'Comment dit-on \"pen\", en français ?', 5),
(27, 'Comment dit-on arbre, en anglais ?', 5),
(28, 'Que signifie : \"My name is... \"', 5),
(29, 'Que veut dire \"monday\" ?', 5),
(30, 'Comment dit-on lundi en allemand?', 6),
(31, 'Comment dit-on chien en allemand?', 6),
(32, 'Comment dit-on \"Haus\", en français ?', 6),
(33, 'Comment dit-on \"Baum\", en français ?', 6),
(34, 'Comment dit-on voiture en allemand?', 6),
(35, 'Comment dit-on \"Stift\", en français ?', 6),
(36, 'Comment dit-on \"Estuche\", en français ?', 7),
(37, 'Comment dit-on vache, en Espagnol?', 7),
(38, 'Comment dit-on \"àrbol\", en français ?', 7),
(39, 'Comment dit-on \"teléfono\", en français ?', 7),
(40, 'Quel groupe à fait un clip a la tour eiffel ?', 8),
(41, 'Quel rappeur originaire d\'Aulnay-sous-Bois est surnommé \"le duc de Boulogne\" ?', 8),
(42, 'Avec quel groupe Maître Gims s\'est fait connaître ?', 8),
(43, 'Qui a sorti son album Destin en 2019', 8),
(44, 'De combien de joueurs se compose une équipe de basket-ball ? ', 9),
(45, 'Combien de périodes compte un match de hockey sur glace ?', 9),
(46, 'Quel est le nombre maximum de rameurs en Aviron ?', 9),
(47, 'Le score maximum pour une partie de bowling est de :', 9),
(48, 'Le seuil de pauvreté, défini par l\'Insee, correspond à :', 20),
(49, 'Le droit de propriété est :', 20),
(50, 'L\'épargne des ménages tend à augmenter :', 20),
(51, 'Les actes et les faits juridiques produisent des conséquences juridiques :', 20),
(52, 'Combien de traités ont été signés à Rome le 25 mars 1957 ?', 30),
(53, 'Quelle est la devise de l\'Union européenne ?', 30),
(54, 'quel pays comporte des français', 30),
(55, 'En quelle année la Charte des droits fondamentaux de l\'UE a-t-elle été adoptée ?', 30),
(56, 'Capitale de la chine :', 29),
(57, 'Capitale du japon :', 29),
(58, 'Capitale de l\'inde :', 29),
(59, 'Capitale de l\'Azerbaïdjan :', 29),
(60, 'Quel appareil dois-je utiliser pour mesurer l\'acidité d\'un milieu ?', 112),
(61, 'Quel appareil dois-je utiliser pour mesurer l\'absorbance d\'une solution colorée ?', 112),
(62, 'Quel autre nom, associé à un grand scientifique, donne-t-on à une micropipette ? ', 112),
(63, 'A la fin d\'une réaction chimique, je dois isoler le plus rapidement possible un solide d\'un liquide. Quelle technique dois-je utiliser ?', 112),
(64, 'Quelle part du territoire français est occupée par l’agriculture ?', 121),
(65, 'Dans les dix dernières années, le nombre d’exploitants agricoles français a baissé. Mais dans quel proportions ?', 121),
(66, 'En 2014, quelle est la taille moyenne d’une exploitation agricole en France ?', 121),
(67, 'L’acronyme PAC signifie  :', 121),
(68, 'Quel est le plus petit ordre d\'insectes ?', 117),
(69, 'Les coléoptères représentent ...', 117),
(70, 'A quelle catégorie appartiennent les serpents ?', 117),
(71, 'Comment se nomme la famille de l\'araignée-crabe ?', 117),
(72, 'Lequel n\'est pas un dieu ?', 87),
(73, 'Où se situe Olympie ?', 87),
(74, 'Que raconte L\'Odyssée ?', 87),
(75, 'Quel Héros a inventé les Jeux olympiques ?', 87),
(76, 'Combien y a-t-il de déclinaisons en latin ?', 86),
(77, 'Déclinez \'Dominus\' (le maître) à l\'ablatif singulier.', 86),
(78, 'Déclinez \'Cornu\' (la corne) au nominatif pluriel.', 86),
(79, 'Que signifie \'Animus\' en français ?', 86),
(80, 'Combien y a-t-il de planètes dans notre système solaire ?', 110),
(81, 'Que font les étoiles 8× plus massives que le Soleil en fin de vie ? ', 110),
(82, 'Quel est l\'objet qui a le plus de gravité dans l\'Univers ?', 110),
(83, 'De quelle couleur sont les étoiles les plus chaudes ? ', 110),
(84, 'Quel est le pourcentage de personnes avec un handicap invisible ? ', 77),
(85, 'Depuis quand le handicap psychique est-il légalement reconnu en France ?', 77),
(86, 'Le risque d’être confronté au cours de sa vie professionnelle à une situation temporaire de handicap est de :', 77),
(87, 'Combien de personnes en France sont concernées par un handicap psychique ?', 77),
(88, 'Quel prophète est considéré, dans la Bible, comme le père du monothéisme ?', 24),
(89, 'Quel est le texte fondateur pour les juifs ?', 24),
(90, 'Sur quel mont, Moïse reçut-il, de Dieu, les 10 commandements ?', 24),
(91, 'Des 5 grands dieux du panthéon égyptien, chassez l\'intrus !', 24),
(92, 'Qui établit l\'étude de faisabilité et le coût d\'un bâtiment ?', 127),
(93, 'Comment s\'appelle l’ordre d’intervention de chaque corps de métier ?', 127),
(94, 'Qui délivre le permis de construire ?', 127),
(95, 'Qui doit prévenir les risques issus des coactivités et prévoir l\'utilisation de moyens communs sur le chantier ?', 127),
(96, '10x10 :', 2),
(97, '1+1 :', 2),
(98, '5x5 :', 2),
(99, 'X x 7=7, que vaut X ?', 2),
(100, '7x7 :', 2),
(101, '2²+4² :', 2),
(102, '1x1+1-2 :', 2),
(103, '12x10 :', 2),
(104, '9x9 :', 2),
(105, '5x6 :', 2),
(106, '84-88+4-10 :', 2),
(107, '4x4 :', 2),
(108, '6x3 :', 2),
(109, '6/6 :', 2),
(110, '(5x4)/2 :', 2),
(111, '1+2+3+4+5+6+7+8+9 :', 2),
(112, '7x9 :', 2),
(113, '1x2x3 :', 2),
(114, '3x3 :', 2),
(115, '7/7+1 :', 2),
(116, '(7x8)/(7x8) :', 2),
(117, '7-7+7-7+7 :', 2),
(118, '6x6-1 :', 2),
(119, '5x4+2 :', 2),
(120, '1+2+4+5+6', 2),
(121, '1²+1 :', 2),
(122, '4+5+6 :', 2),
(123, '2x2² :', 2),
(124, '9+9-9 :', 2),
(125, '4+9-3 :', 2),
(126, '5x5-25 :', 2),
(127, '6-6+8 :', 2),
(128, '4x7 :', 2),
(129, '8/1+2 :', 2),
(130, '1x1+2 :', 2),
(131, '4x8+22 :', 2),
(133, 'Qui, que, quoi, dont, où, lequel, duquel, auquel, sont des : ', 1),
(134, 'Quelle est la proposition incorrecte ?', 1),
(135, 'Un mot qui s\'écrit ou se prononce comme un autre tout en signifiant autre chose est un : ', 1),
(136, 'Dans laquelle des propositions ci-après, la règle grammaticale concernant l’accord du participe passé est-elle correcte ?', 1),
(137, 'Un mot qui ressemble à un autre est un :', 1),
(138, 'Après quel signe de ponctuation n’y a-t-il pas de majuscule, à l’exception des noms propres ?', 1),
(139, 'Quelle est la mauvaise formulation ?', 1),
(140, 'Je, tu, il, etc., sont des pronoms : ', 1),
(141, 'Les verbes être et avoir sont appelés des verbes :', 1),
(142, 'Quelle est la fonction du mot souligné dans la phrase : « On ne voit pas la mer » ?', 1),
(143, 'Un mot signifiant le contraire d\'un autre est un : ', 1),
(144, 'Conjonctions de coordination, le français en possède : ', 1),
(145, 'Substantif est un autre nom : ', 1),
(146, 'Le mot donc est : ', 1),
(147, 'Quelle est la nature du mot souligné dans la phrase : « Taisez-vous et écoutez » ?', 1),
(148, 'Un mot signifiant à peu près la même chose qu\'un autre est un :', 1);

-- --------------------------------------------------------

--
-- Table structure for table `Quizz`
--

DROP TABLE IF EXISTS `Quizz`;
CREATE TABLE `Quizz` (
  `id` int(11) NOT NULL,
  `mode` int(11) NOT NULL,
  `user1` int(11) NOT NULL,
  `user2` int(11) DEFAULT NULL,
  `startAt` date NOT NULL,
  `winner` int(11) DEFAULT NULL
) ENGINE=InnoDB DEFAULT CHARSET=utf8mb4 COLLATE=utf8mb4_unicode_ci;

--
-- Dumping data for table `Quizz`
--

INSERT INTO `Quizz` (`id`, `mode`, `user1`, `user2`, `startAt`, `winner`) VALUES
(1, 2, 1, 2, '2020-12-12', 1),
(2, 2, 3, 4, '2020-12-12', 3),
(3, 2, 5, 6, '2020-12-12', 5),
(4, 2, 7, 8, '2020-12-12', 7),
(5, 2, 1, 8, '2020-12-12', 1),
(6, 2, 1, 5, '2020-12-12', 1),
(7, 2, 1, 4, '2020-12-12', 1),
(8, 2, 1, 3, '2020-12-12', 1),
(9, 2, 1, 9, '2020-12-12', 9),
(10, 2, 1, 12, '2020-12-12', 12),
(11, 2, 2, 5, '2020-12-12', 5),
(12, 2, 2, 10, '2020-12-12', 10),
(13, 2, 5, 25, '2020-12-12', 25),
(14, 2, 5, 16, '2020-12-12', 16),
(15, 2, 5, 15, '2020-12-12', 5),
(16, 2, 5, 2, '2020-12-12', 5),
(17, 2, 4, 21, '2020-12-12', 21),
(18, 2, 4, 22, '2020-12-12', 22),
(19, 2, 4, 2, '2020-12-12', 2),
(20, 2, 8, 2, '2020-12-12', 8),
(21, 2, 8, 20, '2020-12-12', 20),
(22, 2, 1, 12, '2020-12-12', NULL),
(23, 2, 8, 2, '2020-12-12', NULL),
(24, 2, 1, 10, '2020-12-12', NULL),
(25, 2, 5, 6, '2020-12-12', NULL),
(26, 2, 1, 2, '2020-12-12', 1),
(27, 2, 1, 2, '2020-12-12', 1),
(28, 2, 1, 2, '2020-12-12', 1),
(29, 2, 1, 2, '2020-12-12', 1),
(30, 2, 1, 2, '2020-12-12', 1),
(31, 2, 1, 2, '2020-12-12', 1),
(32, 2, 1, 2, '2020-12-12', 1),
(33, 2, 1, 2, '2020-12-12', 1),
(34, 2, 1, 2, '2020-12-12', 1),
(35, 2, 1, 2, '2020-12-12', 1),
(36, 2, 1, 2, '2020-12-12', 1),
(37, 2, 1, 2, '2020-12-12', 1),
(38, 2, 1, 2, '2020-12-12', 1),
(39, 2, 1, 2, '2020-12-12', 1),
(40, 2, 1, 2, '2020-12-12', 1),
(41, 2, 1, 2, '2020-12-12', 1),
(42, 2, 1, 2, '2020-12-12', 1),
(43, 2, 1, 2, '2020-12-12', 1),
(44, 2, 1, 2, '2020-12-12', 1),
(45, 2, 1, 2, '2020-12-12', 1),
(46, 2, 1, 2, '2020-12-12', 1),
(47, 2, 1, 2, '2020-12-12', 1),
(48, 2, 1, 2, '2020-12-12', 1),
(49, 2, 1, 2, '2020-12-12', 1),
(50, 2, 1, 2, '2020-12-12', 1),
(51, 2, 1, 2, '2020-12-12', 1),
(52, 1, 1, NULL, '2020-12-04', NULL),
(53, 1, 8, NULL, '2020-12-04', NULL);

-- --------------------------------------------------------

--
-- Table structure for table `Quizz_Question`
--

DROP TABLE IF EXISTS `Quizz_Question`;
CREATE TABLE `Quizz_Question` (
  `id_quizz` int(11) NOT NULL,
  `id_question` int(11) NOT NULL
) ENGINE=InnoDB DEFAULT CHARSET=utf8mb4 COLLATE=utf8mb4_unicode_ci;

--
-- Dumping data for table `Quizz_Question`
--

INSERT INTO `Quizz_Question` (`id_quizz`, `id_question`) VALUES
(1, 1),
(1, 2),
(1, 3),
(1, 4),
(2, 7),
(2, 8),
(2, 9),
(2, 10),
(3, 13),
(3, 14),
(3, 15),
(3, 16),
(4, 18),
(4, 19),
(4, 20),
(4, 21),
(5, 24),
(5, 25),
(5, 26),
(5, 27),
(6, 30),
(6, 31),
(6, 32),
(6, 33),
(7, 36),
(7, 37),
(7, 38),
(7, 39),
(8, 40),
(8, 41),
(8, 42),
(8, 43),
(9, 44),
(9, 45),
(9, 46),
(9, 47),
(10, 48),
(10, 49),
(10, 50),
(10, 51),
(11, 52),
(11, 53),
(11, 54),
(11, 55),
(12, 56),
(12, 57),
(12, 58),
(12, 59),
(13, 60),
(13, 61),
(13, 62),
(13, 63),
(14, 64),
(14, 65),
(14, 66),
(14, 67),
(15, 68),
(15, 69),
(15, 70),
(15, 71),
(16, 72),
(16, 73),
(16, 74),
(16, 75),
(17, 76),
(17, 77),
(17, 78),
(17, 79),
(18, 80),
(18, 81),
(18, 82),
(18, 83),
(19, 84),
(19, 85),
(19, 86),
(19, 87),
(20, 88),
(20, 89),
(20, 90),
(20, 91),
(21, 92),
(21, 93),
(21, 94),
(21, 95),
(22, 88),
(22, 89),
(22, 90),
(22, 91),
(23, 92),
(23, 93),
(23, 94),
(23, 95),
(24, 88),
(24, 89),
(24, 90),
(24, 91),
(25, 92),
(25, 93),
(25, 94),
(25, 95),
(26, 1),
(26, 2),
(26, 3),
(26, 4),
(27, 1),
(27, 2),
(27, 3),
(27, 4),
(28, 1),
(28, 2),
(28, 3),
(28, 4),
(29, 1),
(29, 2),
(29, 3),
(29, 4),
(30, 1),
(30, 2),
(30, 3),
(30, 4),
(31, 1),
(31, 2),
(31, 3),
(31, 4),
(32, 1),
(32, 2),
(32, 3),
(32, 4),
(33, 1),
(33, 2),
(33, 3),
(33, 4),
(34, 1),
(34, 2),
(34, 3),
(34, 4),
(35, 1),
(35, 2),
(35, 3),
(35, 4),
(36, 1),
(36, 2),
(36, 3),
(36, 4),
(37, 1),
(37, 2),
(37, 3),
(37, 4),
(38, 1),
(38, 2),
(38, 3),
(38, 4),
(39, 1),
(39, 2),
(39, 3),
(39, 4),
(40, 1),
(40, 2),
(40, 3),
(40, 4),
(41, 1),
(41, 2),
(41, 3),
(41, 4),
(42, 1),
(42, 2),
(42, 3),
(42, 4),
(43, 1),
(43, 2),
(43, 3),
(43, 4),
(44, 1),
(44, 2),
(44, 3),
(44, 4),
(45, 1),
(45, 2),
(45, 3),
(45, 4),
(46, 1),
(46, 2),
(46, 3),
(46, 4),
(47, 1),
(47, 2),
(47, 3),
(47, 4),
(48, 1),
(48, 2),
(48, 3),
(48, 4),
(49, 1),
(49, 2),
(49, 3),
(49, 4),
(50, 1),
(50, 2),
(50, 3),
(50, 4),
(51, 1),
(51, 2),
(51, 3),
(51, 4),
(52, 1),
(52, 2),
(52, 3),
(52, 4),
(53, 1),
(53, 2),
(53, 3),
(53, 4);

-- --------------------------------------------------------

--
-- Table structure for table `Theme`
--

DROP TABLE IF EXISTS `Theme`;
CREATE TABLE `Theme` (
  `id` int(11) NOT NULL,
  `name` varchar(255) CHARACTER SET utf8mb4 COLLATE utf8mb4_unicode_ci NOT NULL
) ENGINE=InnoDB DEFAULT CHARSET=utf8;

--
-- Dumping data for table `Theme`
--

INSERT INTO `Theme` (`id`, `name`) VALUES
(1, 'Français'),
(2, 'Mathématiques'),
(3, 'Histoire'),
(4, 'Géographie'),
(5, 'Anglais'),
(6, 'Allemand'),
(7, 'Espagnol'),
(8, 'Musique'),
(9, 'Sport'),
(10, 'Livres'),
(11, 'Manuscrits'),
(12, 'Cartes'),
(13, 'Images'),
(14, 'Presse et revues'),
(15, 'Enregistrements sonores'),
(16, 'Partitions'),
(17, 'Objets'),
(18, 'Vidéos'),
(19, 'Arts, loisirs, sports'),
(20, 'Droit, économie'),
(21, 'Langues'),
(22, 'Littératures'),
(23, 'Philosophie'),
(24, 'Religions'),
(25, 'Sciences'),
(26, 'France'),
(27, 'Afrique'),
(28, 'Amériques'),
(29, 'Asie'),
(30, 'Europe'),
(31, 'Océanie'),
(32, 'Autres régions du monde'),
(33, 'Italiano-IT'),
(34, 'Recherche avancée'),
(51, 'Accueil'),
(52, 'Liste des thémes'),
(53, 'Philosophie et psychologie:Généralités'),
(54, 'Psychologie'),
(55, 'Logique'),
(56, 'Anthique'),
(57, 'Philosophie antique, médiévale'),
(58, 'Philosophie orientale, ancienne et moderne'),
(59, 'Philosophie du Moyen Age'),
(60, 'Philosophie moderne'),
(61, 'Religion:Généralités'),
(62, 'Théologie'),
(63, 'La Bible'),
(64, 'Théologie chrétienne'),
(65, 'Théologie morale et spirituelle chrétienne'),
(66, 'Eglises et ordres chrétiens'),
(67, 'Théologie sociale chrétienne'),
(68, 'Histoire du christianisme'),
(69, 'Confessions et sectes chrétiennes'),
(70, 'Autres religions'),
(71, 'Sciences sociales'),
(72, 'Sociologie'),
(73, 'Statistiques'),
(74, 'Science politique'),
(75, 'Economie'),
(76, 'Droit'),
(77, 'Administration publique'),
(78, 'Services sociaux'),
(79, 'Commerce, communications, transports'),
(80, 'Coutume, folklore'),
(81, 'Langues:Généralités'),
(82, 'Dictionnaires de langues (sauf français)'),
(83, 'Linguistique'),
(84, 'Dictionnaires de langue française'),
(85, 'Italien, roumain'),
(86, 'Latin'),
(87, 'Grec'),
(88, 'Autres langues'),
(89, 'Savoir, livre, informatique'),
(90, 'Bibliographie'),
(91, 'Sciences de l\'information'),
(92, 'Encyclopédies'),
(93, 'Périodiques'),
(94, 'Organisations'),
(95, 'Presse et édition'),
(96, 'Collections générales'),
(97, 'Bibliophilie'),
(98, 'Histoire et géographie:Généralités'),
(99, 'Géographie et voyages'),
(100, 'Biographies et généalogie'),
(101, 'Histoire de l\'Antiquité'),
(102, 'Histoire de l\'Europe'),
(103, 'Histoire de France'),
(104, 'Histoire de l\'Asie'),
(105, 'Histoire de l\'Afrique'),
(106, 'Histoire de l\'Amérique du Nord'),
(107, 'Histoire de l\'Amérique du Sud'),
(108, 'Histoire des autres parties du monde'),
(109, 'Sciences:Généralités'),
(110, 'Astronomie'),
(111, 'Physique'),
(112, 'Chimie'),
(113, 'Sciences de la terre'),
(114, 'Paléontologie'),
(115, 'Biologie'),
(116, 'Botanique'),
(117, 'Zoologie'),
(118, 'Techniques:Généralités'),
(119, 'Médecine'),
(120, 'Ingénierie'),
(121, 'Agriculture'),
(122, 'Vie domestique'),
(123, 'Gestion'),
(125, 'Industrie'),
(126, 'Artisanat'),
(127, 'Construction'),
(128, 'Arts et loisirs:Généralités'),
(129, 'Urbanisme, arts du paysage'),
(130, 'Architecture'),
(131, 'Sculpture, arts plastiques'),
(132, 'Dessin, arts décoratifs'),
(133, 'Peinture'),
(134, 'Arts graphiques'),
(135, 'Photographie'),
(136, 'Loisirs, sports, arts du spectacle'),
(137, 'Littérature:Généralités'),
(138, 'Litérature américaine'),
(139, 'Littérature anglaise'),
(140, 'Littérature germanique'),
(141, 'Littérature francophone'),
(142, 'Littérature italienne et roumaine'),
(143, 'Littérature espagnole et portugaise'),
(144, 'Littérature latine'),
(145, 'Littérature grecque'),
(146, 'Littérature des autres langues');

-- --------------------------------------------------------

--
-- Table structure for table `Token_Admin`
--

DROP TABLE IF EXISTS `Token_Admin`;
CREATE TABLE `Token_Admin` (
  `id` int(11) NOT NULL,
  `token` char(255) COLLATE utf8mb4_unicode_ci NOT NULL,
  `selector` char(255) COLLATE utf8mb4_unicode_ci NOT NULL,
  `admin` int(11) NOT NULL,
  `expires` datetime NOT NULL
) ENGINE=InnoDB DEFAULT CHARSET=utf8mb4 COLLATE=utf8mb4_unicode_ci;

-- --------------------------------------------------------

--
-- Table structure for table `User`
--

DROP TABLE IF EXISTS `User`;
CREATE TABLE `User` (
  `id` int(11) NOT NULL,
  `firstName` varchar(255) COLLATE utf8mb4_unicode_ci NOT NULL,
  `lastName` varchar(255) COLLATE utf8mb4_unicode_ci NOT NULL,
  `email` varchar(255) COLLATE utf8mb4_unicode_ci NOT NULL,
  `registerAt` date NOT NULL,
  `password` varchar(255) COLLATE utf8mb4_unicode_ci NOT NULL,
  `points` int(11) NOT NULL
) ENGINE=InnoDB DEFAULT CHARSET=utf8mb4 COLLATE=utf8mb4_unicode_ci;

--
-- Dumping data for table `User`
--

INSERT INTO `User` (`id`, `firstName`, `lastName`, `email`, `registerAt`, `password`, `points`) VALUES
(1, 'Bernard', 'Armast', 'bernardA@gmail.com', '2020-12-12', '$argon2i$v=19$m=65536,t=4,p=1$OTJ6eTlaTVcwbjYxWmI2OA$8bVJ3Lf9Z+kLrXUdyju46m9r6WlGYCy6Xyn7TdtRjvk', 320),
(2, 'Lucie', 'Zonga', 'lucieZ@gmail.com', '2020-12-08', '$argon2i$v=19$m=65536,t=4,p=1$OTJ6eTlaTVcwbjYxWmI2OA$8bVJ3Lf9Z+kLrXUdyju46m9r6WlGYCy6Xyn7TdtRjvk', 15),
(3, 'Lucas', 'Martin', 'lucasM@gmail.com', '2007-07-12', '$argon2i$v=19$m=65536,t=4,p=1$OTJ6eTlaTVcwbjYxWmI2OA$8bVJ3Lf9Z+kLrXUdyju46m9r6WlGYCy6Xyn7TdtRjvk', 10),
(4, 'Samuel', 'Thomas', 'samuelT@gmail.com', '2020-06-12', '$argon2i$v=19$m=65536,t=4,p=1$OTJ6eTlaTVcwbjYxWmI2OA$8bVJ3Lf9Z+kLrXUdyju46m9r6WlGYCy6Xyn7TdtRjvk', 0),
(5, 'Victor', 'Petit', 'victorP@gmail.com', '2002-05-12', '$argon2i$v=19$m=65536,t=4,p=1$OTJ6eTlaTVcwbjYxWmI2OA$8bVJ3Lf9Z+kLrXUdyju46m9r6WlGYCy6Xyn7TdtRjvk', 45),
(6, 'Mael', 'Dupont', 'maelD@gmail.com', '2019-12-12', '$argon2i$v=19$m=65536,t=4,p=1$OTJ6eTlaTVcwbjYxWmI2OA$8bVJ3Lf9Z+kLrXUdyju46m9r6WlGYCy6Xyn7TdtRjvk', 5),
(7, 'Gabriel', 'Garcia', 'gabrielG@gmail.com', '2020-11-28', '$argon2i$v=19$m=65536,t=4,p=1$OTJ6eTlaTVcwbjYxWmI2OA$8bVJ3Lf9Z+kLrXUdyju46m9r6WlGYCy6Xyn7TdtRjvk', 10),
(8, 'Arthur', 'Martinez', 'arthurM@gmail.com', '2020-11-28', '$argon2i$v=19$m=65536,t=4,p=1$OTJ6eTlaTVcwbjYxWmI2OA$8bVJ3Lf9Z+kLrXUdyju46m9r6WlGYCy6Xyn7TdtRjvk', 15),
(9, 'Lucas', 'Lopez', 'lucasL@gmail.com', '2020-11-28', '$argon2i$v=19$m=65536,t=4,p=1$OTJ6eTlaTVcwbjYxWmI2OA$8bVJ3Lf9Z+kLrXUdyju46m9r6WlGYCy6Xyn7TdtRjvk', 10),
(10, 'Hugo', 'Sanchez', 'hugoS@gmail.com', '2020-11-28', '$argon2i$v=19$m=65536,t=4,p=1$OTJ6eTlaTVcwbjYxWmI2OA$8bVJ3Lf9Z+kLrXUdyju46m9r6WlGYCy6Xyn7TdtRjvk', 15),
(11, 'Ethan', 'Vidal', 'ethanV@gmail.com', '2020-11-28', '$argon2i$v=19$m=65536,t=4,p=1$OTJ6eTlaTVcwbjYxWmI2OA$8bVJ3Lf9Z+kLrXUdyju46m9r6WlGYCy6Xyn7TdtRjvk', 0),
(12, 'Nino', 'Perez', 'ninoP@gmail.com', '2020-11-28', '$argon2i$v=19$m=65536,t=4,p=1$OTJ6eTlaTVcwbjYxWmI2OA$8bVJ3Lf9Z+kLrXUdyju46m9r6WlGYCy6Xyn7TdtRjvk', 15),
(13, 'Milo', 'Marty', 'miloM@gmail.com', '2020-11-28', '$argon2i$v=19$m=65536,t=4,p=1$OTJ6eTlaTVcwbjYxWmI2OA$8bVJ3Lf9Z+kLrXUdyju46m9r6WlGYCy6Xyn7TdtRjvk', 0),
(14, 'Soan', 'Fernandez', 'soanF@gmail.com', '2020-11-28', '$argon2i$v=19$m=65536,t=4,p=1$OTJ6eTlaTVcwbjYxWmI2OA$8bVJ3Lf9Z+kLrXUdyju46m9r6WlGYCy6Xyn7TdtRjvk', 0),
(15, 'Oscar', 'Fabre', 'oscarF@gmail.com', '2020-11-28', '$argon2i$v=19$m=65536,t=4,p=1$OTJ6eTlaTVcwbjYxWmI2OA$8bVJ3Lf9Z+kLrXUdyju46m9r6WlGYCy6Xyn7TdtRjvk', 0),
(16, 'Mathys', 'Ruiz', 'mathysR@gmail.com', '2020-11-28', '$argon2i$v=19$m=65536,t=4,p=1$OTJ6eTlaTVcwbjYxWmI2OA$8bVJ3Lf9Z+kLrXUdyju46m9r6WlGYCy6Xyn7TdtRjvk', 10),
(17, 'Logan', 'Pujol', 'loganP@gmail.com', '2020-11-28', '$argon2i$v=19$m=65536,t=4,p=1$OTJ6eTlaTVcwbjYxWmI2OA$8bVJ3Lf9Z+kLrXUdyju46m9r6WlGYCy6Xyn7TdtRjvk', 0),
(18, 'Samuel', 'Puig', 'samuelP@gmail.com', '2020-11-28', '$argon2i$v=19$m=65536,t=4,p=1$OTJ6eTlaTVcwbjYxWmI2OA$8bVJ3Lf9Z+kLrXUdyju46m9r6WlGYCy6Xyn7TdtRjvk', 0),
(19, 'Gaspard', 'Durand', 'gaspardD@gmail.com', '2020-11-28', '$argon2i$v=19$m=65536,t=4,p=1$OTJ6eTlaTVcwbjYxWmI2OA$8bVJ3Lf9Z+kLrXUdyju46m9r6WlGYCy6Xyn7TdtRjvk', 0),
(20, 'Mathis', 'Vila', 'mathisV@gmail.com', '2020-11-28', '$argon2i$v=19$m=65536,t=4,p=1$OTJ6eTlaTVcwbjYxWmI2OA$8bVJ3Lf9Z+kLrXUdyju46m9r6WlGYCy6Xyn7TdtRjvk', 10),
(21, 'Axel', 'Diaz', 'axelD@gmail.com', '2020-11-28', '$argon2i$v=19$m=65536,t=4,p=1$OTJ6eTlaTVcwbjYxWmI2OA$8bVJ3Lf9Z+kLrXUdyju46m9r6WlGYCy6Xyn7TdtRjvk', 10),
(22, 'Joseph', 'Robert', 'josephR@gmail.com', '2020-11-28', '$argon2i$v=19$m=65536,t=4,p=1$OTJ6eTlaTVcwbjYxWmI2OA$8bVJ3Lf9Z+kLrXUdyju46m9r6WlGYCy6Xyn7TdtRjvk', 10),
(23, 'Malo', 'Bonet', 'maloB@gmail.com', '2020-11-28', '$argon2i$v=19$m=65536,t=4,p=1$OTJ6eTlaTVcwbjYxWmI2OA$8bVJ3Lf9Z+kLrXUdyju46m9r6WlGYCy6Xyn7TdtRjvk', 0),
(24, 'Gabriel', 'Roque', 'gabrielR@gmail.com', '2020-11-28', '$argon2i$v=19$m=65536,t=4,p=1$OTJ6eTlaTVcwbjYxWmI2OA$8bVJ3Lf9Z+kLrXUdyju46m9r6WlGYCy6Xyn7TdtRjvk', 0),
(25, 'Arthur', 'Mathieu', 'arthurM@gmail.com', '2020-11-28', '$argon2i$v=19$m=65536,t=4,p=1$OTJ6eTlaTVcwbjYxWmI2OA$8bVJ3Lf9Z+kLrXUdyju46m9r6WlGYCy6Xyn7TdtRjvk', 10),
(26, 'Adam', 'Sales', 'adamS@gmail.com', '2020-11-28', '$argon2i$v=19$m=65536,t=4,p=1$OTJ6eTlaTVcwbjYxWmI2OA$8bVJ3Lf9Z+kLrXUdyju46m9r6WlGYCy6Xyn7TdtRjvk', 0),
(27, 'Yasmin', 'Funk', 'horace.feeney@yahoo.com', '2020-12-12', '$argon2i$v=19$m=65536,t=4,p=1$OTJ6eTlaTVcwbjYxWmI2OA$8bVJ3Lf9Z+kLrXUdyju46m9r6WlGYCy6Xyn7TdtRjvk', 0),
(28, 'Darius', 'Gerhold', 'alanna32@yahoo.com', '1993-06-06', '$argon2i$v=19$m=65536,t=4,p=1$OTJ6eTlaTVcwbjYxWmI2OA$8bVJ3Lf9Z+kLrXUdyju46m9r6WlGYCy6Xyn7TdtRjvk', 0),
(29, 'Mellie', 'Murazik', 'willy55@hotmail.com', '2006-10-31', '$argon2i$v=19$m=65536,t=4,p=1$OTJ6eTlaTVcwbjYxWmI2OA$8bVJ3Lf9Z+kLrXUdyju46m9r6WlGYCy6Xyn7TdtRjvk', 0),
(30, 'Zachariah', 'Tillman', 'langosh.gabriel@hotmail.com', '2008-05-01', '$argon2i$v=19$m=65536,t=4,p=1$OTJ6eTlaTVcwbjYxWmI2OA$8bVJ3Lf9Z+kLrXUdyju46m9r6WlGYCy6Xyn7TdtRjvk', 0),
(31, 'Citlalli', 'Kohler', 'tsporer@hotmail.com', '1990-08-03', '$argon2i$v=19$m=65536,t=4,p=1$OTJ6eTlaTVcwbjYxWmI2OA$8bVJ3Lf9Z+kLrXUdyju46m9r6WlGYCy6Xyn7TdtRjvk', 0),
(32, 'Berta', 'Abshire', 'tkoelpin@luettgen.biz', '1983-07-24', '$argon2i$v=19$m=65536,t=4,p=1$OTJ6eTlaTVcwbjYxWmI2OA$8bVJ3Lf9Z+kLrXUdyju46m9r6WlGYCy6Xyn7TdtRjvk', 0),
(33, 'Kavon', 'Zulauf', 'zmacejkovic@borer.net', '1981-11-06', '$argon2i$v=19$m=65536,t=4,p=1$OTJ6eTlaTVcwbjYxWmI2OA$8bVJ3Lf9Z+kLrXUdyju46m9r6WlGYCy6Xyn7TdtRjvk', 0),
(34, 'Vanessa', 'Hill', 'dario31@graham.com', '2006-10-29', '$argon2i$v=19$m=65536,t=4,p=1$OTJ6eTlaTVcwbjYxWmI2OA$8bVJ3Lf9Z+kLrXUdyju46m9r6WlGYCy6Xyn7TdtRjvk', 0),
(35, 'Donna', 'Jerde', 'zveum@greenfelder.com', '1995-09-06', '$argon2i$v=19$m=65536,t=4,p=1$OTJ6eTlaTVcwbjYxWmI2OA$8bVJ3Lf9Z+kLrXUdyju46m9r6WlGYCy6Xyn7TdtRjvk', 0),
(36, 'Russ', 'Huels', 'leon.dubuque@yahoo.com', '1980-03-13', '$argon2i$v=19$m=65536,t=4,p=1$OTJ6eTlaTVcwbjYxWmI2OA$8bVJ3Lf9Z+kLrXUdyju46m9r6WlGYCy6Xyn7TdtRjvk', 0),
(37, 'Lonzo', 'Price', 'schiller.triston@yahoo.com', '2009-12-24', '$argon2i$v=19$m=65536,t=4,p=1$OTJ6eTlaTVcwbjYxWmI2OA$8bVJ3Lf9Z+kLrXUdyju46m9r6WlGYCy6Xyn7TdtRjvk', 0),
(38, 'Bernhard', 'Quigley', 'walton.emmerich@hotmail.com', '2002-07-16', '$argon2i$v=19$m=65536,t=4,p=1$OTJ6eTlaTVcwbjYxWmI2OA$8bVJ3Lf9Z+kLrXUdyju46m9r6WlGYCy6Xyn7TdtRjvk', 0),
(39, 'Jo', 'Sawayn', 'pwuckert@abshire.com', '1977-02-02', '$argon2i$v=19$m=65536,t=4,p=1$OTJ6eTlaTVcwbjYxWmI2OA$8bVJ3Lf9Z+kLrXUdyju46m9r6WlGYCy6Xyn7TdtRjvk', 0),
(40, 'Polly', 'Pouros', 'walter.hirthe@blick.info', '1981-05-03', '$argon2i$v=19$m=65536,t=4,p=1$OTJ6eTlaTVcwbjYxWmI2OA$8bVJ3Lf9Z+kLrXUdyju46m9r6WlGYCy6Xyn7TdtRjvk', 0),
(41, 'Leon', 'Gerlach', 'gia51@hotmail.com', '1973-09-06', '$argon2i$v=19$m=65536,t=4,p=1$OTJ6eTlaTVcwbjYxWmI2OA$8bVJ3Lf9Z+kLrXUdyju46m9r6WlGYCy6Xyn7TdtRjvk', 0),
(42, 'Larry', 'Daugherty', 'madge02@heller.com', '1971-11-04', '$argon2i$v=19$m=65536,t=4,p=1$OTJ6eTlaTVcwbjYxWmI2OA$8bVJ3Lf9Z+kLrXUdyju46m9r6WlGYCy6Xyn7TdtRjvk', 0),
(43, 'Bell', 'Bergstrom', 'ltoy@gmail.com', '1998-02-23', '$argon2i$v=19$m=65536,t=4,p=1$OTJ6eTlaTVcwbjYxWmI2OA$8bVJ3Lf9Z+kLrXUdyju46m9r6WlGYCy6Xyn7TdtRjvk', 0),
(44, 'Khalil', 'Price', 'pwisoky@aufderhar.com', '2008-11-09', '$argon2i$v=19$m=65536,t=4,p=1$OTJ6eTlaTVcwbjYxWmI2OA$8bVJ3Lf9Z+kLrXUdyju46m9r6WlGYCy6Xyn7TdtRjvk', 0),
(45, 'Deshawn', 'Dach', 'weimann.eda@hotmail.com', '1982-01-27', '$argon2i$v=19$m=65536,t=4,p=1$OTJ6eTlaTVcwbjYxWmI2OA$8bVJ3Lf9Z+kLrXUdyju46m9r6WlGYCy6Xyn7TdtRjvk', 0),
(46, 'Domingo', 'Pacocha', 'cleffler@yahoo.com', '1985-01-01', '$argon2i$v=19$m=65536,t=4,p=1$OTJ6eTlaTVcwbjYxWmI2OA$8bVJ3Lf9Z+kLrXUdyju46m9r6WlGYCy6Xyn7TdtRjvk', 0),
(47, 'Vivien', 'Gleason', 'jbartoletti@hotmail.com', '2007-03-27', '$argon2i$v=19$m=65536,t=4,p=1$OTJ6eTlaTVcwbjYxWmI2OA$8bVJ3Lf9Z+kLrXUdyju46m9r6WlGYCy6Xyn7TdtRjvk', 0),
(48, 'Donna', 'Hansen', 'richard.purdy@gmail.com', '1991-05-11', '$argon2i$v=19$m=65536,t=4,p=1$OTJ6eTlaTVcwbjYxWmI2OA$8bVJ3Lf9Z+kLrXUdyju46m9r6WlGYCy6Xyn7TdtRjvk', 0),
(49, 'Lysanne', 'Schultz', 'bins.kaia@gmail.com', '2009-11-08', '$argon2i$v=19$m=65536,t=4,p=1$OTJ6eTlaTVcwbjYxWmI2OA$8bVJ3Lf9Z+kLrXUdyju46m9r6WlGYCy6Xyn7TdtRjvk', 0),
(50, 'Alvah', 'Schmidt', 'elisha.will@hotmail.com', '2020-07-21', '$argon2i$v=19$m=65536,t=4,p=1$OTJ6eTlaTVcwbjYxWmI2OA$8bVJ3Lf9Z+kLrXUdyju46m9r6WlGYCy6Xyn7TdtRjvk', 0),
(51, 'Orlando', 'Quitzon', 'marjory20@bernier.com', '2004-12-08', '$argon2i$v=19$m=65536,t=4,p=1$OTJ6eTlaTVcwbjYxWmI2OA$8bVJ3Lf9Z+kLrXUdyju46m9r6WlGYCy6Xyn7TdtRjvk', 0),
(52, 'Chaim', 'Hettinger', 'finn.kassulke@fisher.com', '2013-05-21', '$argon2i$v=19$m=65536,t=4,p=1$OTJ6eTlaTVcwbjYxWmI2OA$8bVJ3Lf9Z+kLrXUdyju46m9r6WlGYCy6Xyn7TdtRjvk', 0),
(53, 'Delpha', 'Rippin', 'fleffler@luettgen.info', '1970-08-08', '$argon2i$v=19$m=65536,t=4,p=1$OTJ6eTlaTVcwbjYxWmI2OA$8bVJ3Lf9Z+kLrXUdyju46m9r6WlGYCy6Xyn7TdtRjvk', 0),
(54, 'Beau', 'Bradtke', 'frami.alessia@dicki.com', '1984-10-29', '$argon2i$v=19$m=65536,t=4,p=1$OTJ6eTlaTVcwbjYxWmI2OA$8bVJ3Lf9Z+kLrXUdyju46m9r6WlGYCy6Xyn7TdtRjvk', 0),
(55, 'Pete', 'Hegmann', 'bernhard.cheyenne@rau.com', '1980-11-09', '$argon2i$v=19$m=65536,t=4,p=1$OTJ6eTlaTVcwbjYxWmI2OA$8bVJ3Lf9Z+kLrXUdyju46m9r6WlGYCy6Xyn7TdtRjvk', 0),
(56, 'Tania', 'Mraz', 'price.milan@hotmail.com', '1980-03-03', '$argon2i$v=19$m=65536,t=4,p=1$OTJ6eTlaTVcwbjYxWmI2OA$8bVJ3Lf9Z+kLrXUdyju46m9r6WlGYCy6Xyn7TdtRjvk', 0),
(57, 'Kasandra', 'Walker', 'jkoelpin@wilkinson.com', '2008-09-11', '$argon2i$v=19$m=65536,t=4,p=1$OTJ6eTlaTVcwbjYxWmI2OA$8bVJ3Lf9Z+kLrXUdyju46m9r6WlGYCy6Xyn7TdtRjvk', 0),
(58, 'Devan', 'Kovacek', 'ismitham@yahoo.com', '1995-11-22', '$argon2i$v=19$m=65536,t=4,p=1$OTJ6eTlaTVcwbjYxWmI2OA$8bVJ3Lf9Z+kLrXUdyju46m9r6WlGYCy6Xyn7TdtRjvk', 0),
(59, 'Demario', 'Abshire', 'perry12@hotmail.com', '1994-03-20', '$argon2i$v=19$m=65536,t=4,p=1$OTJ6eTlaTVcwbjYxWmI2OA$8bVJ3Lf9Z+kLrXUdyju46m9r6WlGYCy6Xyn7TdtRjvk', 0),
(60, 'Shanie', 'Kertzmann', 'willa.douglas@nicolas.info', '1994-09-30', '$argon2i$v=19$m=65536,t=4,p=1$OTJ6eTlaTVcwbjYxWmI2OA$8bVJ3Lf9Z+kLrXUdyju46m9r6WlGYCy6Xyn7TdtRjvk', 0),
(61, 'Justine', 'Mayert', 'madisen03@jast.com', '2002-12-18', '$argon2i$v=19$m=65536,t=4,p=1$OTJ6eTlaTVcwbjYxWmI2OA$8bVJ3Lf9Z+kLrXUdyju46m9r6WlGYCy6Xyn7TdtRjvk', 0),
(62, 'Abbigail', 'Lynch', 'desiree.kilback@yahoo.com', '1988-10-30', '$argon2i$v=19$m=65536,t=4,p=1$OTJ6eTlaTVcwbjYxWmI2OA$8bVJ3Lf9Z+kLrXUdyju46m9r6WlGYCy6Xyn7TdtRjvk', 0),
(63, 'Dewayne', 'Hermann', 'upton.avery@herman.com', '1991-11-15', '$argon2i$v=19$m=65536,t=4,p=1$OTJ6eTlaTVcwbjYxWmI2OA$8bVJ3Lf9Z+kLrXUdyju46m9r6WlGYCy6Xyn7TdtRjvk', 0),
(64, 'Retta', 'Bednar', 'kiehn.fatima@schinner.net', '1988-06-09', '$argon2i$v=19$m=65536,t=4,p=1$OTJ6eTlaTVcwbjYxWmI2OA$8bVJ3Lf9Z+kLrXUdyju46m9r6WlGYCy6Xyn7TdtRjvk', 0),
(65, 'Tremaine', 'Orn', 'stehr.jacynthe@yahoo.com', '1971-02-21', '$argon2i$v=19$m=65536,t=4,p=1$OTJ6eTlaTVcwbjYxWmI2OA$8bVJ3Lf9Z+kLrXUdyju46m9r6WlGYCy6Xyn7TdtRjvk', 0),
(66, 'Edd', 'Thiel', 'montana60@kihn.com', '2011-05-07', '$argon2i$v=19$m=65536,t=4,p=1$OTJ6eTlaTVcwbjYxWmI2OA$8bVJ3Lf9Z+kLrXUdyju46m9r6WlGYCy6Xyn7TdtRjvk', 0),
(67, 'Mark', 'Kunde', 'adell59@dooley.com', '1999-05-23', '$argon2i$v=19$m=65536,t=4,p=1$OTJ6eTlaTVcwbjYxWmI2OA$8bVJ3Lf9Z+kLrXUdyju46m9r6WlGYCy6Xyn7TdtRjvk', 0),
(68, 'Brennan', 'Rempel', 'rmcglynn@hotmail.com', '1974-03-15', '$argon2i$v=19$m=65536,t=4,p=1$OTJ6eTlaTVcwbjYxWmI2OA$8bVJ3Lf9Z+kLrXUdyju46m9r6WlGYCy6Xyn7TdtRjvk', 0),
(69, 'Marlon', 'Cormier', 'phoebe.rutherford@yahoo.com', '1992-03-12', '$argon2i$v=19$m=65536,t=4,p=1$OTJ6eTlaTVcwbjYxWmI2OA$8bVJ3Lf9Z+kLrXUdyju46m9r6WlGYCy6Xyn7TdtRjvk', 0),
(70, 'Cynthia', 'Witting', 'taya.lockman@hotmail.com', '2002-01-31', '$argon2i$v=19$m=65536,t=4,p=1$OTJ6eTlaTVcwbjYxWmI2OA$8bVJ3Lf9Z+kLrXUdyju46m9r6WlGYCy6Xyn7TdtRjvk', 0),
(71, 'Abbigail', 'Green', 'crath@fritsch.info', '1973-10-09', '$argon2i$v=19$m=65536,t=4,p=1$OTJ6eTlaTVcwbjYxWmI2OA$8bVJ3Lf9Z+kLrXUdyju46m9r6WlGYCy6Xyn7TdtRjvk', 0),
(72, 'Kaylee', 'Ziemann', 'maye.bruen@hermann.com', '2016-07-25', '$argon2i$v=19$m=65536,t=4,p=1$OTJ6eTlaTVcwbjYxWmI2OA$8bVJ3Lf9Z+kLrXUdyju46m9r6WlGYCy6Xyn7TdtRjvk', 0),
(73, 'Orville', 'Jacobson', 'toby.fahey@yahoo.com', '1999-01-05', '$argon2i$v=19$m=65536,t=4,p=1$OTJ6eTlaTVcwbjYxWmI2OA$8bVJ3Lf9Z+kLrXUdyju46m9r6WlGYCy6Xyn7TdtRjvk', 0),
(74, 'Andreanne', 'Labadie', 'bfay@hotmail.com', '1996-09-13', '$argon2i$v=19$m=65536,t=4,p=1$OTJ6eTlaTVcwbjYxWmI2OA$8bVJ3Lf9Z+kLrXUdyju46m9r6WlGYCy6Xyn7TdtRjvk', 0),
(75, 'Irma', 'Quitzon', 'odaniel@kiehn.net', '2014-12-16', '$argon2i$v=19$m=65536,t=4,p=1$OTJ6eTlaTVcwbjYxWmI2OA$8bVJ3Lf9Z+kLrXUdyju46m9r6WlGYCy6Xyn7TdtRjvk', 0),
(76, 'Paxton', 'Conroy', 'domenica.west@weissnat.org', '2005-02-11', '$argon2i$v=19$m=65536,t=4,p=1$OTJ6eTlaTVcwbjYxWmI2OA$8bVJ3Lf9Z+kLrXUdyju46m9r6WlGYCy6Xyn7TdtRjvk', 0),
(77, 'Gwen', 'Mueller', 'ernestina38@mccullough.com', '1988-05-12', '$argon2i$v=19$m=65536,t=4,p=1$OTJ6eTlaTVcwbjYxWmI2OA$8bVJ3Lf9Z+kLrXUdyju46m9r6WlGYCy6Xyn7TdtRjvk', 0),
(78, 'Scottie', 'Lehner', 'langosh.cynthia@bogisich.net', '1997-01-01', '$argon2i$v=19$m=65536,t=4,p=1$OTJ6eTlaTVcwbjYxWmI2OA$8bVJ3Lf9Z+kLrXUdyju46m9r6WlGYCy6Xyn7TdtRjvk', 0),
(79, 'Kraig', 'Hill', 'ucarroll@gleichner.com', '1973-04-22', '$argon2i$v=19$m=65536,t=4,p=1$OTJ6eTlaTVcwbjYxWmI2OA$8bVJ3Lf9Z+kLrXUdyju46m9r6WlGYCy6Xyn7TdtRjvk', 0),
(80, 'Jeramie', 'Stiedemann', 'bernadette.corwin@yahoo.com', '2007-07-28', '$argon2i$v=19$m=65536,t=4,p=1$OTJ6eTlaTVcwbjYxWmI2OA$8bVJ3Lf9Z+kLrXUdyju46m9r6WlGYCy6Xyn7TdtRjvk', 0),
(81, 'Giovanna', 'Hills', 'drunte@wisozk.com', '1980-05-07', '$argon2i$v=19$m=65536,t=4,p=1$OTJ6eTlaTVcwbjYxWmI2OA$8bVJ3Lf9Z+kLrXUdyju46m9r6WlGYCy6Xyn7TdtRjvk', 0),
(82, 'Jordy', 'Tillman', 'leora05@sipes.com', '2012-10-31', '$argon2i$v=19$m=65536,t=4,p=1$OTJ6eTlaTVcwbjYxWmI2OA$8bVJ3Lf9Z+kLrXUdyju46m9r6WlGYCy6Xyn7TdtRjvk', 0),
(83, 'Ricky', 'Botsford', 'orn.destinee@wisoky.com', '2020-03-24', '$argon2i$v=19$m=65536,t=4,p=1$OTJ6eTlaTVcwbjYxWmI2OA$8bVJ3Lf9Z+kLrXUdyju46m9r6WlGYCy6Xyn7TdtRjvk', 0),
(84, 'Treva', 'Dietrich', 'king.rosalinda@bartoletti.com', '1987-11-05', '$argon2i$v=19$m=65536,t=4,p=1$OTJ6eTlaTVcwbjYxWmI2OA$8bVJ3Lf9Z+kLrXUdyju46m9r6WlGYCy6Xyn7TdtRjvk', 0),
(85, 'Deondre', 'Rogahn', 'kirlin.raina@king.com', '1988-01-30', '$argon2i$v=19$m=65536,t=4,p=1$OTJ6eTlaTVcwbjYxWmI2OA$8bVJ3Lf9Z+kLrXUdyju46m9r6WlGYCy6Xyn7TdtRjvk', 0),
(86, 'Gilbert', 'Renner', 'cleo59@gmail.com', '1993-02-16', '$argon2i$v=19$m=65536,t=4,p=1$OTJ6eTlaTVcwbjYxWmI2OA$8bVJ3Lf9Z+kLrXUdyju46m9r6WlGYCy6Xyn7TdtRjvk', 0),
(87, 'Nicholas', 'Klein', 'katlynn21@gmail.com', '2013-09-25', '$argon2i$v=19$m=65536,t=4,p=1$OTJ6eTlaTVcwbjYxWmI2OA$8bVJ3Lf9Z+kLrXUdyju46m9r6WlGYCy6Xyn7TdtRjvk', 0),
(88, 'Theo', 'Lebsack', 'clovis.shanahan@bashirian.org', '1986-02-05', '$argon2i$v=19$m=65536,t=4,p=1$OTJ6eTlaTVcwbjYxWmI2OA$8bVJ3Lf9Z+kLrXUdyju46m9r6WlGYCy6Xyn7TdtRjvk', 0),
(89, 'Alda', 'Kuhn', 'sienna.goyette@friesen.com', '2014-04-02', '$argon2i$v=19$m=65536,t=4,p=1$OTJ6eTlaTVcwbjYxWmI2OA$8bVJ3Lf9Z+kLrXUdyju46m9r6WlGYCy6Xyn7TdtRjvk', 0),
(90, 'Elise', 'Borer', 'carmen21@tromp.com', '1972-12-04', '$argon2i$v=19$m=65536,t=4,p=1$OTJ6eTlaTVcwbjYxWmI2OA$8bVJ3Lf9Z+kLrXUdyju46m9r6WlGYCy6Xyn7TdtRjvk', 0),
(91, 'Nicholas', 'Zulauf', 'kdare@jones.net', '1984-06-17', '$argon2i$v=19$m=65536,t=4,p=1$OTJ6eTlaTVcwbjYxWmI2OA$8bVJ3Lf9Z+kLrXUdyju46m9r6WlGYCy6Xyn7TdtRjvk', 0),
(92, 'Mckayla', 'Prohaska', 'tsatterfield@green.biz', '2005-02-08', '$argon2i$v=19$m=65536,t=4,p=1$OTJ6eTlaTVcwbjYxWmI2OA$8bVJ3Lf9Z+kLrXUdyju46m9r6WlGYCy6Xyn7TdtRjvk', 0),
(93, 'Laney', 'Bergnaum', 'nestor36@yahoo.com', '1977-11-26', '$argon2i$v=19$m=65536,t=4,p=1$OTJ6eTlaTVcwbjYxWmI2OA$8bVJ3Lf9Z+kLrXUdyju46m9r6WlGYCy6Xyn7TdtRjvk', 0),
(94, 'Quinn', 'Bosco', 'goldner.gussie@hotmail.com', '1982-10-29', '$argon2i$v=19$m=65536,t=4,p=1$OTJ6eTlaTVcwbjYxWmI2OA$8bVJ3Lf9Z+kLrXUdyju46m9r6WlGYCy6Xyn7TdtRjvk', 0),
(95, 'Anne', 'Donnelly', 'schinner.assunta@hotmail.com', '1990-06-15', '$argon2i$v=19$m=65536,t=4,p=1$OTJ6eTlaTVcwbjYxWmI2OA$8bVJ3Lf9Z+kLrXUdyju46m9r6WlGYCy6Xyn7TdtRjvk', 0),
(96, 'Rozella', 'Weimann', 'lowell47@hotmail.com', '1971-09-16', '$argon2i$v=19$m=65536,t=4,p=1$OTJ6eTlaTVcwbjYxWmI2OA$8bVJ3Lf9Z+kLrXUdyju46m9r6WlGYCy6Xyn7TdtRjvk', 0),
(97, 'Madie', 'Macejkovic', 'gmarquardt@batz.org', '1990-06-05', '$argon2i$v=19$m=65536,t=4,p=1$OTJ6eTlaTVcwbjYxWmI2OA$8bVJ3Lf9Z+kLrXUdyju46m9r6WlGYCy6Xyn7TdtRjvk', 0),
(98, 'Ahmed', 'Gibson', 'satterfield.eduardo@hotmail.com', '2007-05-30', '$argon2i$v=19$m=65536,t=4,p=1$OTJ6eTlaTVcwbjYxWmI2OA$8bVJ3Lf9Z+kLrXUdyju46m9r6WlGYCy6Xyn7TdtRjvk', 0),
(99, 'Louisa', 'Ryan', 'lemke.joesph@hirthe.com', '1985-06-10', '$argon2i$v=19$m=65536,t=4,p=1$OTJ6eTlaTVcwbjYxWmI2OA$8bVJ3Lf9Z+kLrXUdyju46m9r6WlGYCy6Xyn7TdtRjvk', 0),
(100, 'Phyllis', 'Nader', 'rowena.rowe@gmail.com', '2017-01-14', '$argon2i$v=19$m=65536,t=4,p=1$OTJ6eTlaTVcwbjYxWmI2OA$8bVJ3Lf9Z+kLrXUdyju46m9r6WlGYCy6Xyn7TdtRjvk', 0),
(101, 'Maxwell', 'Nitzsche', 'kristina.wisozk@yahoo.com', '2007-02-19', '$argon2i$v=19$m=65536,t=4,p=1$OTJ6eTlaTVcwbjYxWmI2OA$8bVJ3Lf9Z+kLrXUdyju46m9r6WlGYCy6Xyn7TdtRjvk', 0),
(102, 'Rosemarie', 'Wiegand', 'lucienne.schaefer@yahoo.com', '1999-03-05', '$argon2i$v=19$m=65536,t=4,p=1$OTJ6eTlaTVcwbjYxWmI2OA$8bVJ3Lf9Z+kLrXUdyju46m9r6WlGYCy6Xyn7TdtRjvk', 0),
(103, 'Eliseo', 'Roberts', 'orland.wilkinson@yahoo.com', '1992-03-14', '$argon2i$v=19$m=65536,t=4,p=1$OTJ6eTlaTVcwbjYxWmI2OA$8bVJ3Lf9Z+kLrXUdyju46m9r6WlGYCy6Xyn7TdtRjvk', 0),
(104, 'Mossie', 'Macejkovic', 'freeman11@hotmail.com', '1974-07-02', '$argon2i$v=19$m=65536,t=4,p=1$OTJ6eTlaTVcwbjYxWmI2OA$8bVJ3Lf9Z+kLrXUdyju46m9r6WlGYCy6Xyn7TdtRjvk', 0),
(105, 'Nick', 'Donnelly', 'bernita13@doyle.com', '1972-03-16', '$argon2i$v=19$m=65536,t=4,p=1$OTJ6eTlaTVcwbjYxWmI2OA$8bVJ3Lf9Z+kLrXUdyju46m9r6WlGYCy6Xyn7TdtRjvk', 0),
(106, 'Rebeca', 'Collins', 'xgutmann@yahoo.com', '2007-05-23', '$argon2i$v=19$m=65536,t=4,p=1$OTJ6eTlaTVcwbjYxWmI2OA$8bVJ3Lf9Z+kLrXUdyju46m9r6WlGYCy6Xyn7TdtRjvk', 0),
(107, 'Quentin', 'Mitchell', 'kailey71@smitham.net', '1990-08-15', '$argon2i$v=19$m=65536,t=4,p=1$OTJ6eTlaTVcwbjYxWmI2OA$8bVJ3Lf9Z+kLrXUdyju46m9r6WlGYCy6Xyn7TdtRjvk', 0),
(108, 'Kody', 'Walter', 'damon.bauch@gmail.com', '1998-09-10', '$argon2i$v=19$m=65536,t=4,p=1$OTJ6eTlaTVcwbjYxWmI2OA$8bVJ3Lf9Z+kLrXUdyju46m9r6WlGYCy6Xyn7TdtRjvk', 0),
(109, 'Sheila', 'Moore', 'daniella86@kuhlman.info', '2013-11-10', '$argon2i$v=19$m=65536,t=4,p=1$OTJ6eTlaTVcwbjYxWmI2OA$8bVJ3Lf9Z+kLrXUdyju46m9r6WlGYCy6Xyn7TdtRjvk', 0),
(110, 'Lon', 'Hyatt', 'jdonnelly@torp.net', '1970-01-07', '$argon2i$v=19$m=65536,t=4,p=1$OTJ6eTlaTVcwbjYxWmI2OA$8bVJ3Lf9Z+kLrXUdyju46m9r6WlGYCy6Xyn7TdtRjvk', 0),
(111, 'Shea', 'Keeling', 'peter66@flatley.com', '2017-03-13', '$argon2i$v=19$m=65536,t=4,p=1$OTJ6eTlaTVcwbjYxWmI2OA$8bVJ3Lf9Z+kLrXUdyju46m9r6WlGYCy6Xyn7TdtRjvk', 0),
(112, 'Helen', 'Gutkowski', 'stracke.tyler@leuschke.com', '1996-12-05', '$argon2i$v=19$m=65536,t=4,p=1$OTJ6eTlaTVcwbjYxWmI2OA$8bVJ3Lf9Z+kLrXUdyju46m9r6WlGYCy6Xyn7TdtRjvk', 0),
(113, 'Ned', 'Kulas', 'wisoky.adaline@gmail.com', '2014-12-01', '$argon2i$v=19$m=65536,t=4,p=1$OTJ6eTlaTVcwbjYxWmI2OA$8bVJ3Lf9Z+kLrXUdyju46m9r6WlGYCy6Xyn7TdtRjvk', 0),
(114, 'Carlotta', 'Cormier', 'isom04@ruecker.com', '1997-12-27', '$argon2i$v=19$m=65536,t=4,p=1$OTJ6eTlaTVcwbjYxWmI2OA$8bVJ3Lf9Z+kLrXUdyju46m9r6WlGYCy6Xyn7TdtRjvk', 0),
(115, 'Domenick', 'Miller', 'wendy52@runolfsson.com', '1977-11-11', '$argon2i$v=19$m=65536,t=4,p=1$OTJ6eTlaTVcwbjYxWmI2OA$8bVJ3Lf9Z+kLrXUdyju46m9r6WlGYCy6Xyn7TdtRjvk', 0),
(116, 'Alanis', 'Hammes', 'arnold.waelchi@kutch.com', '1990-10-13', '$argon2i$v=19$m=65536,t=4,p=1$OTJ6eTlaTVcwbjYxWmI2OA$8bVJ3Lf9Z+kLrXUdyju46m9r6WlGYCy6Xyn7TdtRjvk', 0),
(117, 'Berry', 'Friesen', 'nleffler@hotmail.com', '1976-06-12', '$argon2i$v=19$m=65536,t=4,p=1$OTJ6eTlaTVcwbjYxWmI2OA$8bVJ3Lf9Z+kLrXUdyju46m9r6WlGYCy6Xyn7TdtRjvk', 0),
(118, 'Carley', 'Lindgren', 'schamberger.bria@johnston.com', '1972-07-02', '$argon2i$v=19$m=65536,t=4,p=1$OTJ6eTlaTVcwbjYxWmI2OA$8bVJ3Lf9Z+kLrXUdyju46m9r6WlGYCy6Xyn7TdtRjvk', 0),
(119, 'Rosella', 'Gaylord', 'deborah04@gmail.com', '2013-11-22', '$argon2i$v=19$m=65536,t=4,p=1$OTJ6eTlaTVcwbjYxWmI2OA$8bVJ3Lf9Z+kLrXUdyju46m9r6WlGYCy6Xyn7TdtRjvk', 0),
(120, 'Dorothea', 'Anderson', 'predovic.lucile@blick.com', '2008-09-05', '$argon2i$v=19$m=65536,t=4,p=1$OTJ6eTlaTVcwbjYxWmI2OA$8bVJ3Lf9Z+kLrXUdyju46m9r6WlGYCy6Xyn7TdtRjvk', 0),
(121, 'Angus', 'Legros', 'cora44@hotmail.com', '1985-06-12', '$argon2i$v=19$m=65536,t=4,p=1$OTJ6eTlaTVcwbjYxWmI2OA$8bVJ3Lf9Z+kLrXUdyju46m9r6WlGYCy6Xyn7TdtRjvk', 0),
(122, 'Mallie', 'Dietrich', 'bmurazik@funk.com', '1976-10-19', '$argon2i$v=19$m=65536,t=4,p=1$OTJ6eTlaTVcwbjYxWmI2OA$8bVJ3Lf9Z+kLrXUdyju46m9r6WlGYCy6Xyn7TdtRjvk', 0),
(123, 'Edd', 'Gerlach', 'talia26@hotmail.com', '2006-10-22', '$argon2i$v=19$m=65536,t=4,p=1$OTJ6eTlaTVcwbjYxWmI2OA$8bVJ3Lf9Z+kLrXUdyju46m9r6WlGYCy6Xyn7TdtRjvk', 0),
(124, 'Caden', 'Langworth', 'cassin.willie@rogahn.org', '1975-01-24', '$argon2i$v=19$m=65536,t=4,p=1$OTJ6eTlaTVcwbjYxWmI2OA$8bVJ3Lf9Z+kLrXUdyju46m9r6WlGYCy6Xyn7TdtRjvk', 0),
(125, 'Naomie', 'Orn', 'dalton.wisozk@hotmail.com', '1999-07-19', '$argon2i$v=19$m=65536,t=4,p=1$OTJ6eTlaTVcwbjYxWmI2OA$8bVJ3Lf9Z+kLrXUdyju46m9r6WlGYCy6Xyn7TdtRjvk', 0),
(126, 'Charlie', 'Reichel', 'aurore.wisoky@goyette.com', '2020-11-05', '$argon2i$v=19$m=65536,t=4,p=1$OTJ6eTlaTVcwbjYxWmI2OA$8bVJ3Lf9Z+kLrXUdyju46m9r6WlGYCy6Xyn7TdtRjvk', 0),
(127, 'Patrick', 'Gibson', 'granville00@lubowitz.com', '2019-05-19', '$argon2i$v=19$m=65536,t=4,p=1$OTJ6eTlaTVcwbjYxWmI2OA$8bVJ3Lf9Z+kLrXUdyju46m9r6WlGYCy6Xyn7TdtRjvk', 0),
(128, 'Zoie', 'Herman', 'alyson.kemmer@gmail.com', '1985-09-14', '$argon2i$v=19$m=65536,t=4,p=1$OTJ6eTlaTVcwbjYxWmI2OA$8bVJ3Lf9Z+kLrXUdyju46m9r6WlGYCy6Xyn7TdtRjvk', 0),
(129, 'Edyth', 'Homenick', 'weissnat.robbie@emmerich.com', '1998-09-24', '$argon2i$v=19$m=65536,t=4,p=1$OTJ6eTlaTVcwbjYxWmI2OA$8bVJ3Lf9Z+kLrXUdyju46m9r6WlGYCy6Xyn7TdtRjvk', 0),
(130, 'Oleta', 'Larson', 'nils.sawayn@lowe.com', '1999-01-04', '$argon2i$v=19$m=65536,t=4,p=1$OTJ6eTlaTVcwbjYxWmI2OA$8bVJ3Lf9Z+kLrXUdyju46m9r6WlGYCy6Xyn7TdtRjvk', 0),
(131, 'Mona', 'Kerluke', 'jodie39@lubowitz.com', '2008-12-29', '$argon2i$v=19$m=65536,t=4,p=1$OTJ6eTlaTVcwbjYxWmI2OA$8bVJ3Lf9Z+kLrXUdyju46m9r6WlGYCy6Xyn7TdtRjvk', 0),
(132, 'Avery', 'Sauer', 'mnikolaus@stanton.com', '2000-12-05', '$argon2i$v=19$m=65536,t=4,p=1$OTJ6eTlaTVcwbjYxWmI2OA$8bVJ3Lf9Z+kLrXUdyju46m9r6WlGYCy6Xyn7TdtRjvk', 0),
(133, 'Jamel', 'Schimmel', 'buckridge.shanny@okuneva.com', '1995-10-30', '$argon2i$v=19$m=65536,t=4,p=1$OTJ6eTlaTVcwbjYxWmI2OA$8bVJ3Lf9Z+kLrXUdyju46m9r6WlGYCy6Xyn7TdtRjvk', 0),
(134, 'Ava', 'Tillman', 'whill@gmail.com', '2003-03-27', '$argon2i$v=19$m=65536,t=4,p=1$OTJ6eTlaTVcwbjYxWmI2OA$8bVJ3Lf9Z+kLrXUdyju46m9r6WlGYCy6Xyn7TdtRjvk', 0),
(135, 'Jarod', 'Rolfson', 'hane.rocio@cole.info', '2001-06-12', '$argon2i$v=19$m=65536,t=4,p=1$OTJ6eTlaTVcwbjYxWmI2OA$8bVJ3Lf9Z+kLrXUdyju46m9r6WlGYCy6Xyn7TdtRjvk', 0),
(136, 'Zella', 'Nader', 'ndickinson@hotmail.com', '1994-05-04', '$argon2i$v=19$m=65536,t=4,p=1$OTJ6eTlaTVcwbjYxWmI2OA$8bVJ3Lf9Z+kLrXUdyju46m9r6WlGYCy6Xyn7TdtRjvk', 0),
(137, 'Charlotte', 'Mertz', 'leonora90@hotmail.com', '1986-02-01', '$argon2i$v=19$m=65536,t=4,p=1$OTJ6eTlaTVcwbjYxWmI2OA$8bVJ3Lf9Z+kLrXUdyju46m9r6WlGYCy6Xyn7TdtRjvk', 0),
(138, 'Enrico', 'Emard', 'hdeckow@yahoo.com', '2019-05-25', '$argon2i$v=19$m=65536,t=4,p=1$OTJ6eTlaTVcwbjYxWmI2OA$8bVJ3Lf9Z+kLrXUdyju46m9r6WlGYCy6Xyn7TdtRjvk', 0),
(139, 'Austen', 'Ankunding', 'cole.webster@wilderman.com', '1976-11-19', '$argon2i$v=19$m=65536,t=4,p=1$OTJ6eTlaTVcwbjYxWmI2OA$8bVJ3Lf9Z+kLrXUdyju46m9r6WlGYCy6Xyn7TdtRjvk', 0),
(140, 'Dora', 'Crist', 'juston.ziemann@cummings.com', '1974-06-08', '$argon2i$v=19$m=65536,t=4,p=1$OTJ6eTlaTVcwbjYxWmI2OA$8bVJ3Lf9Z+kLrXUdyju46m9r6WlGYCy6Xyn7TdtRjvk', 0),
(141, 'Raoul', 'Beahan', 'casimir01@erdman.com', '2001-04-08', '$argon2i$v=19$m=65536,t=4,p=1$OTJ6eTlaTVcwbjYxWmI2OA$8bVJ3Lf9Z+kLrXUdyju46m9r6WlGYCy6Xyn7TdtRjvk', 0),
(142, 'Jayce', 'Herman', 'abigale50@beier.com', '1987-07-31', '$argon2i$v=19$m=65536,t=4,p=1$OTJ6eTlaTVcwbjYxWmI2OA$8bVJ3Lf9Z+kLrXUdyju46m9r6WlGYCy6Xyn7TdtRjvk', 0),
(143, 'Precious', 'Reynolds', 'sandra.gislason@runolfsdottir.com', '2016-01-23', '$argon2i$v=19$m=65536,t=4,p=1$OTJ6eTlaTVcwbjYxWmI2OA$8bVJ3Lf9Z+kLrXUdyju46m9r6WlGYCy6Xyn7TdtRjvk', 0),
(144, 'Henri', 'Cruickshank', 'mccullough.raul@yahoo.com', '2012-11-14', '$argon2i$v=19$m=65536,t=4,p=1$OTJ6eTlaTVcwbjYxWmI2OA$8bVJ3Lf9Z+kLrXUdyju46m9r6WlGYCy6Xyn7TdtRjvk', 0),
(145, 'Marlen', 'Barton', 'richie.lockman@rolfson.com', '1996-07-10', '$argon2i$v=19$m=65536,t=4,p=1$OTJ6eTlaTVcwbjYxWmI2OA$8bVJ3Lf9Z+kLrXUdyju46m9r6WlGYCy6Xyn7TdtRjvk', 0),
(146, 'Dayana', 'Durgan', 'shaina.corkery@nicolas.info', '2002-03-01', '$argon2i$v=19$m=65536,t=4,p=1$OTJ6eTlaTVcwbjYxWmI2OA$8bVJ3Lf9Z+kLrXUdyju46m9r6WlGYCy6Xyn7TdtRjvk', 0),
(147, 'Sebastian', 'Cormier', 'kemmer.halle@yahoo.com', '2015-09-19', '$argon2i$v=19$m=65536,t=4,p=1$OTJ6eTlaTVcwbjYxWmI2OA$8bVJ3Lf9Z+kLrXUdyju46m9r6WlGYCy6Xyn7TdtRjvk', 0),
(148, 'Valentine', 'Bednar', 'angelica.goodwin@schmeler.net', '2014-06-29', '$argon2i$v=19$m=65536,t=4,p=1$OTJ6eTlaTVcwbjYxWmI2OA$8bVJ3Lf9Z+kLrXUdyju46m9r6WlGYCy6Xyn7TdtRjvk', 0),
(149, 'Mozelle', 'Stanton', 'dzemlak@bergstrom.biz', '1970-01-12', '$argon2i$v=19$m=65536,t=4,p=1$OTJ6eTlaTVcwbjYxWmI2OA$8bVJ3Lf9Z+kLrXUdyju46m9r6WlGYCy6Xyn7TdtRjvk', 0),
(150, 'Delbert', 'Yundt', 'myah37@koss.com', '2007-06-03', '$argon2i$v=19$m=65536,t=4,p=1$OTJ6eTlaTVcwbjYxWmI2OA$8bVJ3Lf9Z+kLrXUdyju46m9r6WlGYCy6Xyn7TdtRjvk', 0),
(151, 'Geo', 'Kemmer', 'ivolkman@auer.com', '2016-02-04', '$argon2i$v=19$m=65536,t=4,p=1$OTJ6eTlaTVcwbjYxWmI2OA$8bVJ3Lf9Z+kLrXUdyju46m9r6WlGYCy6Xyn7TdtRjvk', 0),
(152, 'Liam', 'Nicolas', 'jewell94@hotmail.com', '1980-01-06', '$argon2i$v=19$m=65536,t=4,p=1$OTJ6eTlaTVcwbjYxWmI2OA$8bVJ3Lf9Z+kLrXUdyju46m9r6WlGYCy6Xyn7TdtRjvk', 0),
(153, 'Bettie', 'Kunze', 'leanna76@gislason.org', '1978-08-08', '$argon2i$v=19$m=65536,t=4,p=1$OTJ6eTlaTVcwbjYxWmI2OA$8bVJ3Lf9Z+kLrXUdyju46m9r6WlGYCy6Xyn7TdtRjvk', 0),
(154, 'Britney', 'Vandervort', 'alvina82@hotmail.com', '1978-05-19', '$argon2i$v=19$m=65536,t=4,p=1$OTJ6eTlaTVcwbjYxWmI2OA$8bVJ3Lf9Z+kLrXUdyju46m9r6WlGYCy6Xyn7TdtRjvk', 0),
(155, 'Loyal', 'Douglas', 'zbuckridge@trantow.biz', '1981-12-01', '$argon2i$v=19$m=65536,t=4,p=1$OTJ6eTlaTVcwbjYxWmI2OA$8bVJ3Lf9Z+kLrXUdyju46m9r6WlGYCy6Xyn7TdtRjvk', 0),
(156, 'Dimitri', 'Murazik', 'candida56@hotmail.com', '1977-10-08', '$argon2i$v=19$m=65536,t=4,p=1$OTJ6eTlaTVcwbjYxWmI2OA$8bVJ3Lf9Z+kLrXUdyju46m9r6WlGYCy6Xyn7TdtRjvk', 0),
(157, 'Hailee', 'Rosenbaum', 'seth.rogahn@buckridge.net', '2008-06-29', '$argon2i$v=19$m=65536,t=4,p=1$OTJ6eTlaTVcwbjYxWmI2OA$8bVJ3Lf9Z+kLrXUdyju46m9r6WlGYCy6Xyn7TdtRjvk', 0),
(158, 'Muriel', 'Schneider', 'shammes@connelly.com', '1980-12-19', '$argon2i$v=19$m=65536,t=4,p=1$OTJ6eTlaTVcwbjYxWmI2OA$8bVJ3Lf9Z+kLrXUdyju46m9r6WlGYCy6Xyn7TdtRjvk', 0),
(159, 'Lyda', 'Stracke', 'jacky55@kohler.com', '1982-05-30', '$argon2i$v=19$m=65536,t=4,p=1$OTJ6eTlaTVcwbjYxWmI2OA$8bVJ3Lf9Z+kLrXUdyju46m9r6WlGYCy6Xyn7TdtRjvk', 0),
(160, 'Dusty', 'Effertz', 'dickens.casey@harris.com', '1997-11-27', '$argon2i$v=19$m=65536,t=4,p=1$OTJ6eTlaTVcwbjYxWmI2OA$8bVJ3Lf9Z+kLrXUdyju46m9r6WlGYCy6Xyn7TdtRjvk', 0),
(161, 'Claire', 'Hirthe', 'pboehm@botsford.com', '1987-04-23', '$argon2i$v=19$m=65536,t=4,p=1$OTJ6eTlaTVcwbjYxWmI2OA$8bVJ3Lf9Z+kLrXUdyju46m9r6WlGYCy6Xyn7TdtRjvk', 0),
(162, 'Annabel', 'Christiansen', 'ubarrows@orn.com', '2020-03-15', '$argon2i$v=19$m=65536,t=4,p=1$OTJ6eTlaTVcwbjYxWmI2OA$8bVJ3Lf9Z+kLrXUdyju46m9r6WlGYCy6Xyn7TdtRjvk', 0),
(163, 'Gabriella', 'Wolf', 'royce.gottlieb@gmail.com', '1991-04-17', '$argon2i$v=19$m=65536,t=4,p=1$OTJ6eTlaTVcwbjYxWmI2OA$8bVJ3Lf9Z+kLrXUdyju46m9r6WlGYCy6Xyn7TdtRjvk', 0),
(164, 'Francesco', 'Eichmann', 'ajenkins@hotmail.com', '1987-11-23', '$argon2i$v=19$m=65536,t=4,p=1$OTJ6eTlaTVcwbjYxWmI2OA$8bVJ3Lf9Z+kLrXUdyju46m9r6WlGYCy6Xyn7TdtRjvk', 0),
(165, 'Sonia', 'Dicki', 'grant.lorenza@gmail.com', '1970-09-05', '$argon2i$v=19$m=65536,t=4,p=1$OTJ6eTlaTVcwbjYxWmI2OA$8bVJ3Lf9Z+kLrXUdyju46m9r6WlGYCy6Xyn7TdtRjvk', 0),
(166, 'Stephan', 'Schneider', 'glarson@reinger.org', '1988-04-28', '$argon2i$v=19$m=65536,t=4,p=1$OTJ6eTlaTVcwbjYxWmI2OA$8bVJ3Lf9Z+kLrXUdyju46m9r6WlGYCy6Xyn7TdtRjvk', 0),
(167, 'Gisselle', 'Harber', 'marvin.emmanuelle@gmail.com', '2000-06-21', '$argon2i$v=19$m=65536,t=4,p=1$OTJ6eTlaTVcwbjYxWmI2OA$8bVJ3Lf9Z+kLrXUdyju46m9r6WlGYCy6Xyn7TdtRjvk', 0),
(168, 'Rossie', 'Reynolds', 'connelly.gisselle@yahoo.com', '1979-06-27', '$argon2i$v=19$m=65536,t=4,p=1$OTJ6eTlaTVcwbjYxWmI2OA$8bVJ3Lf9Z+kLrXUdyju46m9r6WlGYCy6Xyn7TdtRjvk', 0),
(169, 'Eliane', 'Trantow', 'zola.lakin@will.info', '2016-02-24', '$argon2i$v=19$m=65536,t=4,p=1$OTJ6eTlaTVcwbjYxWmI2OA$8bVJ3Lf9Z+kLrXUdyju46m9r6WlGYCy6Xyn7TdtRjvk', 0),
(170, 'Laisha', 'Morissette', 'zaria79@altenwerth.info', '1977-05-18', '$argon2i$v=19$m=65536,t=4,p=1$OTJ6eTlaTVcwbjYxWmI2OA$8bVJ3Lf9Z+kLrXUdyju46m9r6WlGYCy6Xyn7TdtRjvk', 0),
(171, 'Ole', 'Schaefer', 'randy.kuhlman@yahoo.com', '1974-02-17', '$argon2i$v=19$m=65536,t=4,p=1$OTJ6eTlaTVcwbjYxWmI2OA$8bVJ3Lf9Z+kLrXUdyju46m9r6WlGYCy6Xyn7TdtRjvk', 0),
(172, 'Chandler', 'Raynor', 'margaret.spencer@larkin.info', '2015-02-21', '$argon2i$v=19$m=65536,t=4,p=1$OTJ6eTlaTVcwbjYxWmI2OA$8bVJ3Lf9Z+kLrXUdyju46m9r6WlGYCy6Xyn7TdtRjvk', 0),
(173, 'Ocie', 'Schuster', 'neva89@ruecker.com', '1999-08-17', '$argon2i$v=19$m=65536,t=4,p=1$OTJ6eTlaTVcwbjYxWmI2OA$8bVJ3Lf9Z+kLrXUdyju46m9r6WlGYCy6Xyn7TdtRjvk', 0),
(174, 'Trevor', 'Rempel', 'otha.wolf@raynor.com', '1981-02-02', '$argon2i$v=19$m=65536,t=4,p=1$OTJ6eTlaTVcwbjYxWmI2OA$8bVJ3Lf9Z+kLrXUdyju46m9r6WlGYCy6Xyn7TdtRjvk', 0),
(175, 'Lester', 'Boyer', 'clifton.brown@yahoo.com', '2002-12-08', '$argon2i$v=19$m=65536,t=4,p=1$OTJ6eTlaTVcwbjYxWmI2OA$8bVJ3Lf9Z+kLrXUdyju46m9r6WlGYCy6Xyn7TdtRjvk', 0),
(176, 'Yasmeen', 'Cummerata', 'kaelyn.ondricka@hotmail.com', '2009-06-20', '$argon2i$v=19$m=65536,t=4,p=1$OTJ6eTlaTVcwbjYxWmI2OA$8bVJ3Lf9Z+kLrXUdyju46m9r6WlGYCy6Xyn7TdtRjvk', 0),
(177, 'Lawson', 'Leffler', 'amina02@gmail.com', '1992-11-04', '$argon2i$v=19$m=65536,t=4,p=1$OTJ6eTlaTVcwbjYxWmI2OA$8bVJ3Lf9Z+kLrXUdyju46m9r6WlGYCy6Xyn7TdtRjvk', 0),
(178, 'Aurore', 'McCullough', 'gudrun23@hermiston.com', '1978-02-08', '$argon2i$v=19$m=65536,t=4,p=1$OTJ6eTlaTVcwbjYxWmI2OA$8bVJ3Lf9Z+kLrXUdyju46m9r6WlGYCy6Xyn7TdtRjvk', 0),
(179, 'Adrian', 'Frami', 'olson.rene@larkin.com', '2007-05-19', '$argon2i$v=19$m=65536,t=4,p=1$OTJ6eTlaTVcwbjYxWmI2OA$8bVJ3Lf9Z+kLrXUdyju46m9r6WlGYCy6Xyn7TdtRjvk', 0),
(180, 'Verona', 'Runte', 'georgianna.altenwerth@nicolas.com', '1975-10-13', '$argon2i$v=19$m=65536,t=4,p=1$OTJ6eTlaTVcwbjYxWmI2OA$8bVJ3Lf9Z+kLrXUdyju46m9r6WlGYCy6Xyn7TdtRjvk', 0),
(181, 'Lenny', 'Willms', 'daugherty.aron@mante.com', '2006-11-18', '$argon2i$v=19$m=65536,t=4,p=1$OTJ6eTlaTVcwbjYxWmI2OA$8bVJ3Lf9Z+kLrXUdyju46m9r6WlGYCy6Xyn7TdtRjvk', 0),
(182, 'Linda', 'Bednar', 'wherman@hamill.com', '1977-03-09', '$argon2i$v=19$m=65536,t=4,p=1$OTJ6eTlaTVcwbjYxWmI2OA$8bVJ3Lf9Z+kLrXUdyju46m9r6WlGYCy6Xyn7TdtRjvk', 0),
(183, 'Christy', 'Stehr', 'jaylen.jerde@hotmail.com', '2000-02-29', '$argon2i$v=19$m=65536,t=4,p=1$OTJ6eTlaTVcwbjYxWmI2OA$8bVJ3Lf9Z+kLrXUdyju46m9r6WlGYCy6Xyn7TdtRjvk', 0),
(184, 'Emory', 'D\'Amore', 'clinton77@hegmann.net', '1999-07-26', '$argon2i$v=19$m=65536,t=4,p=1$OTJ6eTlaTVcwbjYxWmI2OA$8bVJ3Lf9Z+kLrXUdyju46m9r6WlGYCy6Xyn7TdtRjvk', 0),
(185, 'Wilton', 'VonRueden', 'davon.hand@yahoo.com', '2000-01-04', '$argon2i$v=19$m=65536,t=4,p=1$OTJ6eTlaTVcwbjYxWmI2OA$8bVJ3Lf9Z+kLrXUdyju46m9r6WlGYCy6Xyn7TdtRjvk', 0),
(186, 'Rosalia', 'Buckridge', 'beier.laurianne@koss.net', '1970-04-28', '$argon2i$v=19$m=65536,t=4,p=1$OTJ6eTlaTVcwbjYxWmI2OA$8bVJ3Lf9Z+kLrXUdyju46m9r6WlGYCy6Xyn7TdtRjvk', 0),
(187, 'Kaia', 'O\'Keefe', 'tate37@yahoo.com', '1984-01-13', '$argon2i$v=19$m=65536,t=4,p=1$OTJ6eTlaTVcwbjYxWmI2OA$8bVJ3Lf9Z+kLrXUdyju46m9r6WlGYCy6Xyn7TdtRjvk', 0),
(188, 'Candido', 'Weissnat', 'cody71@walsh.com', '1995-10-31', '$argon2i$v=19$m=65536,t=4,p=1$OTJ6eTlaTVcwbjYxWmI2OA$8bVJ3Lf9Z+kLrXUdyju46m9r6WlGYCy6Xyn7TdtRjvk', 0),
(189, 'Margarita', 'O\'Reilly', 'eliane42@gmail.com', '1999-04-03', '$argon2i$v=19$m=65536,t=4,p=1$OTJ6eTlaTVcwbjYxWmI2OA$8bVJ3Lf9Z+kLrXUdyju46m9r6WlGYCy6Xyn7TdtRjvk', 0),
(190, 'Gino', 'Aufderhar', 'anita43@hotmail.com', '2003-01-07', '$argon2i$v=19$m=65536,t=4,p=1$OTJ6eTlaTVcwbjYxWmI2OA$8bVJ3Lf9Z+kLrXUdyju46m9r6WlGYCy6Xyn7TdtRjvk', 0),
(191, 'Ansel', 'Lockman', 'vjacobi@yahoo.com', '1989-12-27', '$argon2i$v=19$m=65536,t=4,p=1$OTJ6eTlaTVcwbjYxWmI2OA$8bVJ3Lf9Z+kLrXUdyju46m9r6WlGYCy6Xyn7TdtRjvk', 0),
(192, 'Annabel', 'Jakubowski', 'haylie55@hotmail.com', '1982-02-04', '$argon2i$v=19$m=65536,t=4,p=1$OTJ6eTlaTVcwbjYxWmI2OA$8bVJ3Lf9Z+kLrXUdyju46m9r6WlGYCy6Xyn7TdtRjvk', 0),
(193, 'Trevor', 'Torphy', 'tianna83@yundt.info', '2020-04-17', '$argon2i$v=19$m=65536,t=4,p=1$OTJ6eTlaTVcwbjYxWmI2OA$8bVJ3Lf9Z+kLrXUdyju46m9r6WlGYCy6Xyn7TdtRjvk', 0),
(194, 'Krystel', 'Mertz', 'carissa97@labadie.net', '2008-02-21', '$argon2i$v=19$m=65536,t=4,p=1$OTJ6eTlaTVcwbjYxWmI2OA$8bVJ3Lf9Z+kLrXUdyju46m9r6WlGYCy6Xyn7TdtRjvk', 0),
(195, 'Lindsay', 'Jaskolski', 'pfadel@kirlin.com', '2018-03-29', '$argon2i$v=19$m=65536,t=4,p=1$OTJ6eTlaTVcwbjYxWmI2OA$8bVJ3Lf9Z+kLrXUdyju46m9r6WlGYCy6Xyn7TdtRjvk', 0),
(196, 'Charles', 'Von', 'nyasia.harris@yahoo.com', '2020-01-14', '$argon2i$v=19$m=65536,t=4,p=1$OTJ6eTlaTVcwbjYxWmI2OA$8bVJ3Lf9Z+kLrXUdyju46m9r6WlGYCy6Xyn7TdtRjvk', 0),
(197, 'Gwendolyn', 'Ullrich', 'cummerata.ted@cummings.com', '1999-08-13', '$argon2i$v=19$m=65536,t=4,p=1$OTJ6eTlaTVcwbjYxWmI2OA$8bVJ3Lf9Z+kLrXUdyju46m9r6WlGYCy6Xyn7TdtRjvk', 0),
(198, 'Mariela', 'Orn', 'abner.brakus@wisozk.com', '1997-10-06', '$argon2i$v=19$m=65536,t=4,p=1$OTJ6eTlaTVcwbjYxWmI2OA$8bVJ3Lf9Z+kLrXUdyju46m9r6WlGYCy6Xyn7TdtRjvk', 0),
(199, 'Grover', 'O\'Conner', 'rubye.thompson@hotmail.com', '1986-09-20', '$argon2i$v=19$m=65536,t=4,p=1$OTJ6eTlaTVcwbjYxWmI2OA$8bVJ3Lf9Z+kLrXUdyju46m9r6WlGYCy6Xyn7TdtRjvk', 0);

--
-- Indexes for dumped tables
--

--
-- Indexes for table `Admin`
--
ALTER TABLE `Admin`
  ADD PRIMARY KEY (`id`);

--
-- Indexes for table `PossibleAnswer`
--
ALTER TABLE `PossibleAnswer`
  ADD PRIMARY KEY (`id`),
  ADD KEY `Question` (`question`);

--
-- Indexes for table `Question`
--
ALTER TABLE `Question`
  ADD PRIMARY KEY (`id`),
  ADD KEY `Theme` (`theme`);

--
-- Indexes for table `Quizz`
--
ALTER TABLE `Quizz`
  ADD PRIMARY KEY (`id`),
  ADD KEY `User1` (`user1`),
  ADD KEY `User2` (`user2`),
  ADD KEY `winner` (`winner`);

--
-- Indexes for table `Quizz_Question`
--
ALTER TABLE `Quizz_Question`
  ADD KEY `id_question` (`id_question`),
  ADD KEY `id_quizz` (`id_quizz`);

--
-- Indexes for table `Theme`
--
ALTER TABLE `Theme`
  ADD PRIMARY KEY (`id`);

--
-- Indexes for table `Token_Admin`
--
ALTER TABLE `Token_Admin`
  ADD PRIMARY KEY (`id`),
  ADD KEY `Token_Admin_ibfk_1` (`admin`);

--
-- Indexes for table `User`
--
ALTER TABLE `User`
  ADD PRIMARY KEY (`id`);

--
-- AUTO_INCREMENT for dumped tables
--

--
-- AUTO_INCREMENT for table `Admin`
--
ALTER TABLE `Admin`
  MODIFY `id` int(11) NOT NULL AUTO_INCREMENT, AUTO_INCREMENT=42;

--
-- AUTO_INCREMENT for table `PossibleAnswer`
--
ALTER TABLE `PossibleAnswer`
  MODIFY `id` int(11) NOT NULL AUTO_INCREMENT, AUTO_INCREMENT=593;

--
-- AUTO_INCREMENT for table `Question`
--
ALTER TABLE `Question`
  MODIFY `id` int(11) NOT NULL AUTO_INCREMENT, AUTO_INCREMENT=149;

--
-- AUTO_INCREMENT for table `Quizz`
--
ALTER TABLE `Quizz`
  MODIFY `id` int(11) NOT NULL AUTO_INCREMENT, AUTO_INCREMENT=54;

--
-- AUTO_INCREMENT for table `Theme`
--
ALTER TABLE `Theme`
  MODIFY `id` int(11) NOT NULL AUTO_INCREMENT, AUTO_INCREMENT=147;

--
-- AUTO_INCREMENT for table `Token_Admin`
--
ALTER TABLE `Token_Admin`
  MODIFY `id` int(11) NOT NULL AUTO_INCREMENT;

--
-- AUTO_INCREMENT for table `User`
--
ALTER TABLE `User`
  MODIFY `id` int(11) NOT NULL AUTO_INCREMENT, AUTO_INCREMENT=200;

--
-- Constraints for dumped tables
--

--
-- Constraints for table `PossibleAnswer`
--
ALTER TABLE `PossibleAnswer`
  ADD CONSTRAINT `PossibleAnswer_ibfk_1` FOREIGN KEY (`question`) REFERENCES `Question` (`id`) ON DELETE CASCADE ON UPDATE CASCADE;

--
-- Constraints for table `Question`
--
ALTER TABLE `Question`
  ADD CONSTRAINT `Question_ibfk_1` FOREIGN KEY (`theme`) REFERENCES `Theme` (`id`) ON DELETE CASCADE ON UPDATE CASCADE;

--
-- Constraints for table `Quizz`
--
ALTER TABLE `Quizz`
  ADD CONSTRAINT `Quizz_ibfk_1` FOREIGN KEY (`user1`) REFERENCES `User` (`id`) ON DELETE CASCADE ON UPDATE CASCADE,
  ADD CONSTRAINT `Quizz_ibfk_2` FOREIGN KEY (`user2`) REFERENCES `User` (`id`) ON DELETE CASCADE ON UPDATE CASCADE,
  ADD CONSTRAINT `Quizz_ibfk_3` FOREIGN KEY (`winner`) REFERENCES `User` (`id`) ON DELETE CASCADE ON UPDATE CASCADE;

--
-- Constraints for table `Quizz_Question`
--
ALTER TABLE `Quizz_Question`
  ADD CONSTRAINT `Quizz_Question_ibfk_1` FOREIGN KEY (`id_question`) REFERENCES `Question` (`id`) ON DELETE CASCADE ON UPDATE CASCADE,
  ADD CONSTRAINT `Quizz_Question_ibfk_2` FOREIGN KEY (`id_quizz`) REFERENCES `Quizz` (`id`) ON DELETE CASCADE ON UPDATE CASCADE;

--
-- Constraints for table `Token_Admin`
--
ALTER TABLE `Token_Admin`
  ADD CONSTRAINT `Token_Admin_ibfk_1` FOREIGN KEY (`admin`) REFERENCES `Admin` (`id`) ON DELETE CASCADE ON UPDATE CASCADE;
COMMIT;

/*!40101 SET CHARACTER_SET_CLIENT=@OLD_CHARACTER_SET_CLIENT */;
/*!40101 SET CHARACTER_SET_RESULTS=@OLD_CHARACTER_SET_RESULTS */;
/*!40101 SET COLLATION_CONNECTION=@OLD_COLLATION_CONNECTION */;
